timestamp,currentCourse,statsBefore,classStanding,numCourses,major,residentialCollege,GPA,gender,hoursStudying,birthMonth,age,height,shoeSize,weight,calories,hoursExercise,sleepTime,sleepDuration,socialMedia,smartPhones,baseball,football,basketball,hockey,politics,religous,Kinsey,happyCampus,happyCity,anxiousCourse,highSchool,prepared,drugUse,firstGeneration,languages,safety,makingFriends,campusTeam,officeHours,studyGroups,retirement,happiness,intelligence,attractiveness,favColor,favNumber,showers,brushing,flossing,washHair,finAidInfluence,futureCareer,numSiblings,favMovie,loneliness,tidyness,highSchoolGPA,SAT,activeCampus,numFriends,studyMusic,familyInfluence,campusLiving,jobBool,campusGroups,attendance,pancakesWaffles,coffeeTea,dogsCats,oceanSnow,pineapplePizza,campusAcceptance,hoursSocialMedia,continents,superhero,supervillain,season,handedness,safety2,laundry,favClass,favProfessor,anxiousSurvey
2024-09-04 01:08:33 UTC,SML 201,No,Junior,18,Computer Science,Mathey,3.5,Male,30,December,20,69,9,170,2000,10,2 AM,6,"Instagram,LinkedIn",iPhone,NA,NA,NA,NA,40,20,0,60,30,100,public school,0,Yes,NA,2,70,30,No,40,40,No,70,40,40,blue,12,7,14,5,7,70,60,2,rush hour,50,60,4,1500,20,10,Yes,0,No,No,No,40,Waffles,tea,Cats,ocean,Yes!,60,20,2,ultraman,joker,Fall,right-handed,60,5,pol396,sam ginzburg,70
2024-09-03 21:50:52 UTC,SML 201,No,Junior,18,Computer Science,New College West,3.72,Female,5,April,20,66,7.5,130,NA,5,11 PM,7,"Instagram,LinkedIn",iPhone,NA,NA,NA,NA,20,5,1,75,80,20,public school,30,Yes,No,0,80,90,No,90,50,No,75,80,90,green,12,7,14,4,7,80,70,1,Good Will Hunting ,20,70,4,1560,20,50,Yes,40,Yes,No,No,100,Waffles,coffee,Dogs,ocean,Yes!,90,3,4,NA,NA,Spring,right-handed,90,2,REL 324,Professor Abtahi ,100
2024-09-06 19:36:54 UTC,SML 201,No,Senior,26,other,Butler,3.904,Male,16,March,21,71,10.5,155,2000,6,12 midnight,7,"Instagram,Twitter (X)",iPhone,New York Mets,New York Giants,Brooklyn Nets,New York Islanders,0,40,6,90,90,60,public school,80,Yes,No,1.7,100,100,No,100,20,Yes,85,92,65,Blue,19,12,13,10,9,0,50,2,Tár,30,55,96,1540,90,40,No,25,Yes,Yes,Yes,98,Waffles,coffee,Cats,ocean,tolerable,90,3,3,Black Widow,Joker,Fall,left-handed,100,4,HUM 218,Leora Batnitzky,100
2024-09-03 16:44:10 UTC,SML 201,No,Sophomore,8,Princeton School of Public and International Affairs,Yeh College,3.7,Male,15,September,19,78,48,212,3600,14,11 PM,10,"Instagram,LinkedIn,Pinterest,Twitter (X)",iPhone,Arizona Diamondbacks,Arizona Cardinals,Atlanta Hawks,Anaheim Ducks,0,35,6,55,75,11.6,private school,100,No,No,3,100,100,No,30,50,Yes,60,0,0,green,4,10,14,0,3,0,70,2,I don't watch movies,0,100,0,1570,10,20,Yes,100,No,No,Yes,100,Pancakes,coffee,Dogs,ocean,Yes!,70,7,6,N/A,N/A,Summer,right-handed,100,6,JPN105,しばた先生,100
2024-09-03 19:45:52 UTC,SML 201,Yes: AP Statistics,Sophomore,9,Computer Science,Mathey,3.6,Female,30,June,19,61,5.5,103,2000,7,12 midnight,7,"Instagram,LinkedIn",iPhone,NA,NA,NA,NA,25,50,0,80,90,0,public school,20,No,Yes,1.5,100,100,No,85,85,No,65,75,75,Blue,12,7,14,7,3,50,60,1,Inside Out (2015),20,70,4,1510,50,15,Yes,15,Yes,No,Yes,99,Waffles,coffee,Dogs,snow,tolerable,90,1,1,Spider Man,Joker,Fall,right-handed,100,4,WRI 161,Professor Helen Gu,90
2024-09-04 00:40:20 UTC,SML 201,Yes: AP Statistics,Sophomore,9,Molecular Biology,Rockefeller,NA,Female,28,June,19,65,8.5,NA,NA,10,1 AM,6,Instagram,iPhone,NA,"Buffalo Bills,San Francisco 49ers,St. Louis Rams",NA,NA,NA,NA,0,84,NA,46,public school,82,No,No,1.7,89,88,No,50,NA,Yes,87,83,NA,Yellow,NA,7,14,7,4,5,70,0,NA,10,93,4,1410,65,7,Yes,9,Yes,Yes,Yes,90,Waffles,coffee,Dogs,snow,tolerable,90,3,3,NA,NA,Fall,right-handed,NA,5,"GLS303, FRS175",Mitchel Duneier,88
2024-09-06 04:04:58 UTC,SML 201,No,Sophomore,8,Economics,Butler,3.787,Female,26,April,19,62,6,101,2000,2,12 midnight,8,Instagram,iPhone,New York Mets,"New York Giants,New York Jets",New York Knicks,"New York Islanders,New York Rangers",30,20,0,70,80,50,public school,40,No,Yes,2.3,90,60,No,80,50,Yes,70,60,60,blue,46,7,14,7,4,30,40,2,Encanto ,50,70,4,1520,60,12,No,40,Yes,Yes,Yes,90,Waffles,tea,Dogs,snow,tolerable,70,2,2,Spiderman,Harley Quinn,Spring,right-handed,90,5,LCA 101,Professor Noonan,70
2024-09-03 01:14:19 UTC,SML 201,Yes: AP Statistics,Junior,20,Neuroscience,Forbes,NA,Female,15,January,21,65,8,NA,NA,NA,1 AM,6,Pinterest,iPhone,Houston Astros,Houston Texas,Los Angeles Lakers,Calgary Flames,NA,NA,NA,NA,NA,20,public school,15,No,No,1.3,45,40,No,30,45,No,NA,NA,NA,lilac,8,7,7,7,4,70,30,1,la la land,NA,80,4,1570,30,30,Yes,56,No,No,Yes,85,Waffles,coffee,Dogs,snow,No!,15,3,3,America Chavez,Harley Quinn,Winter,right-handed,20,3,Freshman Seminar,NA,30
2024-09-04 04:09:27 UTC,SML 201,Yes: AP Statistics,Sophomore,9,Computer Science,Yeh College,2.96,Female,20,October,18,61,7,117,2000,12,1 AM,7,"Instagram,Pinterest",iPhone,"Boston Red Sox,Philadelphia Phillies",Philadelphia Eagles,Philadelphia 76ers,Philadelphia Flyers,3,74,0,84,94,34,public school,65,No,No,1.5,84,90,No,48,84,No,74,68,84,green,4,5,14,7,3,24,24,1,La La Land,46,68,4,1530,78,10,Yes,64,Yes,No,Yes,94,Pancakes,coffee,Dogs,ocean,Yes!,78,2,4,Spiderman,Loki,Fall,right-handed,88,4,COS126,Professor Kohler,90
2024-09-03 19:24:03 UTC,SML 201,No,Junior,17,Molecular Biology,Rockefeller,3.437,Male,40,December,20,73,10.5,185,2500,12,12 midnight,7,Instagram,iPhone,Boston Red Sox,Green Bay Packers,Los Angeles Lakers,Minnesota Wild,20,0,1,45,55,60,public school,15,No,No,3,95,35,No,25,80,Yes,55,75,80,black,12,7,14,4,7,0,40,2,Taxi Driver,78,30,4,1580,20,15,Yes,50,No,No,Yes,95,Pancakes,coffee,Dogs,ocean,No!,30,4,2,Batman,Joker,Fall,left-handed,100,4,RUS 108,Svetlana Korshunova,10
2024-09-04 19:22:05 UTC,SML 201,No,Sophomore,9,other,Rockefeller,3.4,Female,20,October,18,65,9,160,2000,20,10 PM,8,Instagram,iPhone,San Diego Padres,San Diego Chargers,Golden State Warriors,Edmonton Oilers,10,50,0,80,90,10,private school,80,No,No,1.5,95,85,Yes: athletic scholarship,30,40,Yes,95,85,75,Blue,13,10,14,7,3,0,80,1,Top Gun: Maverick,10,90,3.8,1560,30,40,Yes,50,Yes,No,No,80,Pancakes,coffee,Dogs,ocean,No!,80,1,5,Spiderman,NA,Summer,right-handed,95,4,COS 126,Professor Kelts,100
2024-09-03 20:33:53 UTC,SML 201,Yes: a statistics course at another college,Junior,15,Princeton School of Public and International Affairs,Forbes,3.5,Male,20,November,NA,73,10,200,3000,4,10 PM,8,NA,iPhone,NA,NA,NA,NA,50,50,0,70,80,90,public school,40,Yes,No,2,100,50,No,90,10,Yes,80,80,80,Brown,5,7,14,0,2,100,50,6,Lord of the Rings,50,20,3.7,1500,10,2,No,10,Yes,Yes,Yes,100,Pancakes,(neither),Dogs,snow,tolerable,20,0,4,Batman,Bane,Spring,right-handed,100,2,SPI200,Steven Keltz,90
2024-09-11 03:01:27 UTC,SML 201,Yes: AP Statistics,Junior,16,Computer Science,Yeh College,3.5,Male,8,October,20,71,9.5,150,NA,3,2 AM,8,"Instagram,LinkedIn,Pinterest",iPhone,NA,Tennessee Titans,NA,NA,50,40,6,75,70,50,public school,40,No,No,2,90,50,No,80,50,No,50,50,50,Blue,1,7,14,0,7,50,40,2,La La Land,NA,50,4,NA,40,NA,Yes,30,Yes,Yes,Yes,80,Waffles,tea,Dogs,ocean,tolerable,NA,4,3,Iron Man ,NA,Spring,right-handed,90,5,PSY 254,Dr. Lew-Williams,90
2024-09-04 00:44:16 UTC,SML 201,Yes: a statistics course at another college,Junior,17,Molecular Biology,Yeh College,3.9,Female,40,June,20,72,10,160,2000,6,11 PM,7,"Instagram,LinkedIn",iPhone,New York Yankees,New England Patriots,New York Knicks,New York Rangers,30,5,1,65,90,20,private school,60,No,No,2,70,90,Yes: sports club,90,80,Yes,60,80,70,Blue,15,6,14,1,5,0,50,1,Pride and Prejudice,30,90,4,1540,70,20,Yes,70,Yes,Yes,Yes,95,Waffles,coffee,Dogs,ocean,No!,90,1,6,Wonder woman,Megamind,Fall,right-handed,70,5,PSY254,Casey Lew Williams,95
2024-09-02 23:20:49 UTC,SML 201,Yes: a statistics course at another college,Junior,20,Psychology,Yeh College,3.54,Male,40,December,19,68,9,166,2000,6,11 PM,7,"Instagram,LinkedIn,Twitter (X)",iPhone,"New York Mets,New York Yankees",Washington Redskins,Golden State Warriors,New York Rangers,NA,50,0,40,33,70,private school,75,Yes,Yes,1.5,80,50,No,80,20,Yes,40,85,75,Purple,7,14,14,7,3,100,90,2,Scarface,40,95,3.87,1510,65,28,Yes,25,Yes,Yes,Yes,80,Waffles,tea,Dogs,ocean,tolerable,50,2,2,Spider-Man,The Joker,Winter,right-handed,80,4,NEU 331,Yair Mintzker,80
2024-09-03 19:10:29 UTC,SML 201,Yes: AP Statistics,Junior,18,Politics,New College West,3.96,Female,12,February,21,61.4173,7.5,118,1500,5,12 midnight,7,Instagram,iPhone,New York Yankees,New England Patriots,"Boston Celtics,Golden State Warriors",New Jersey Devils,75,65,5,75,80,60,public school,70,No,No,3.25,85,70,No,100,70,Yes,75,75,80,Beige,8,9,14,3,3,80,75,1,Spirited Away,30,70,3.99,1550,70,10,No,30,Yes,Yes,Yes,100,Waffles,tea,Dogs,ocean,tolerable,80,1.5,2,n/a,n/a,Spring,right-handed,80,4,POL 351,Professor Vreeland,90
2024-09-02 22:55:45 UTC,SML 201,Yes: a statistics course at another college,Sophomore,9,Neuroscience,Butler,3.477,Male,40,April,19,68,11.5,154,1800,5,3 AM,5,"Instagram,LinkedIn,Twitter (X)",iPhone,"Detroit Tigers,Los Angeles Angels","Detroit Lions,Kansas City Chiefs","Detroit Pistons,Los Angeles Lakers",Detroit Red Wings,0,30,6,40,80,50,public school,30,Yes,No,2,90,90,No,60,100,Yes,40,80,60,Blue,13,8,14,10,7,80,70,4,Annabelle,20,40,4,1540,100,12,Yes,50,Yes,Yes,Yes,95,Pancakes,coffee,Cats,snow,No!,90,3,2,Doctor Strange,Loki,Winter,right-handed,90,3,NEU 202,Margot Canaday,90
2024-09-04 21:38:37 UTC,SML 201,Yes: AP Statistics,Sophomore,9,Psychology,Butler,3.475,Female,32,February,19,59,5,100,NA,2,1 AM,7,"Instagram,LinkedIn",iPhone,NA,NA,NA,NA,45,100,0,70,70,60,public school,50,No,No,2,85,70,No,80,75,No,80,70,NA,NA,NA,6,14,NA,6,80,NA,NA,NA,NA,NA,NA,NA,NA,NA,NA,NA,NA,NA,NA,NA,NA,NA,NA,NA,NA,NA,NA,NA,NA,NA,Spring,right-handed,85,6,HUM290,Sarah Case,80
2024-09-03 15:43:36 UTC,SML 201,Yes: AP Statistics,Junior,22,Neuroscience,Yeh College,3.6,Female,10,May,20,61,8.5,156.2,2000,7,11 PM,8,"Pinterest,Twitter (X)",iPhone,Boston Red Sox,New England Patriots,"Boston Celtics,Brooklyn Nets",New York Rangers,33,10,2,97,97,3,private school,96,Yes,No,1.8,98,96,No,90,82,No,93,94,94,"green but only the good shades (sage, emerald)",7,6,14,7,2,0,95,2,the lego batman movie,4,77,4,NA,87,10,Yes,0,Yes,Yes,Yes,80,Waffles,tea,Dogs,snow,No!,100,2,3,batman,catwoman,Fall,right-handed,96,4,FRS 170,Jesse Gomez,100
2024-09-05 18:46:23 UTC,SML 201,Yes: AP Statistics,Senior,26,Anthropology,Forbes,3,Male,10,July,NA,71,11,180,2700,8,12 midnight,7,Instagram,iPhone,"Los Angeles Dodgers,San Diego Padres",San Diego Chargers,Los Angeles Lakers,Los Angeles Kings,45,30,0,35,50,0,public school,100,Yes,Yes,4,90,80,No,33,50,No,75,80,75,Lavender,7,11,13,1,11,100,70,2,A Silent Voice,70,65,3.9,1510,80,10,No,50,Yes,Yes,Yes,70,Waffles,tea,Dogs,ocean,No!,65,4,5,Batman,All For One,Summer,right-handed,80,6,VIS 222,Onur Gunay,85
2024-09-06 02:28:11 UTC,SML 201,Yes: AP Statistics,Junior,19,Operations Research and Financial Engineering,Mathey,3.5,Male,NA,August,21,71,12,190,NA,NA,10 PM,9,"Instagram,LinkedIn",iPhone,NA,"Buffalo Bills,Houston Texas",NA,NA,NA,100,0,NA,NA,NA,public school,NA,No,No,1.4,NA,NA,Yes: athletic scholarship,NA,NA,Yes,100,NA,NA,Red,47,12,NA,NA,NA,NA,NA,2,Miracle,NA,100,4,1560,NA,NA,NA,NA,NA,NA,Yes,NA,Pancakes,(neither),Dogs,NA,tolerable,NA,NA,2,Batman,Joker,Fall,right-handed,NA,0,NA,NA,NA
2024-09-02 15:19:31 UTC,SML 201,No,Junior,18,Computer Science,Rockefeller,3.5,Female,NA,October,20,72,10,200,2000,5,10 PM,7,"Instagram,LinkedIn,Pinterest",iPhone,Philadelphia Phillies,Cleveland Browns,Los Angeles Lakers,Carolina Hurricanes,0,100,0,95,95,10,private school,50,No,No,3,80,90,No,100,60,Yes,80,80,90,purple,11,12,14,0,1,50,80,2,NA,0,20,NA,NA,10,15,No,40,Yes,Yes,No,100,Waffles,tea,Dogs,ocean,Yes!,90,1,4,NA,NA,Summer,right-handed,90,4,NA,Professor Vreeland,90
2024-09-06 02:10:16 UTC,SML 201,Yes: AP Statistics,Sophomore,20,Computer Science,Butler,3.513,Male,10,June,20,72,10.5,158,2500,7,3 AM,7,"Instagram,LinkedIn",iPhone,Philadelphia Phillies,Carolina Panthers,Charlotte Hornets,Carolina Hurricanes,25,20,0,60,40,20,public school,80,No,No,2.5,90,80,Yes: intramural team,100,60,No,60,80,100,Blue,17,7,14,7,2,10,80,1,Star Wars,20,30,4,1480,80,60,No,70,Yes,No,Yes,40,Pancakes,coffee,Dogs,ocean,tolerable,80,5,3,Hulk,Experiment 627 (Lilo and Stitch),Summer,right-handed,90,4,FRS172,Kevin Wayne,100
2024-09-03 13:20:12 UTC,SML 201,Yes: a statistics course at another college,Sophomore,10,Psychology,Mathey,3.7,Female,10,July,19,NA,NA,NA,NA,4,12 midnight,7,"Instagram,LinkedIn",iPhone,NA,NA,NA,NA,NA,5,NA,89,84,15,private school,92,No,No,3,99,86,No,97,65,No,92,NA,NA,Periwinkle ,33,7,14,NA,NA,NA,NA,1,Up,NA,59,NA,NA,NA,NA,No,NA,NA,Yes,Yes,97,Pancakes,NA,Cats,ocean,Yes!,87,NA,3,Spiderman,Maleficent ,Fall,right-handed,99,NA,NA,NA,71
2024-09-02 20:34:46 UTC,SML 201,Yes: AP Statistics,Junior,16,Neuroscience,Yeh College,3.29,Male,30,October,20,71,11,200,3500,24,12 midnight,7,"Instagram,Twitter (X)",iPhone,Minnesota Twins,Minnesota Vikings,Minnesota Timberwolves,Minnesota Wild,39,22,0,93,100,72,private school,73,No,No,1.6,94,81,Yes: sports club,69,88,Yes,79,80,58,Royal Blue,8,7,7,4,7,0,72,0,"Animated: Ratatouille

Live-Action: The Batman (2022)",42,38,3.85,1560,20,30,Yes,29,Yes,No,No,94,Waffles,(neither),Cats,ocean,Yes!,82,3,2,"Sun Wukong

 ",Darth Vader or Heath Ledger Joker,Fall,right-handed,94,3,NEU202,"Professor: Jesse Gomez

TA: Erik Medina",100
2024-09-03 16:00:18 UTC,SML 201,No,Senior,23,other,Rockefeller,3.23,Male,10,August,NA,68,8.5,150,2000,8,2 AM,6,Instagram,iPhone,Colorado Rockies,Denver Broncos,Denver Nuggets,Colorado Avalanche,0,0,6,75,50,75,public school,85,Yes,Yes,2.8,95,85,No,100,75,Yes,85,75,70,baby blue,50,7,14,4,7,100,85,1,The Host,15,50,3.8,1550,90,20,Yes,0,Yes,Yes,Yes,80,Waffles,tea,Dogs,snow,Yes!,80,4,3,BATMAN,Harley Quinn,Fall,right-handed,95,4,SOC 350,Viviana Zelizer,95
2024-09-10 04:40:28 UTC,SML 201,Yes: AP Statistics,Freshman,0,other,Mathey,NA,Male,NA,May,NA,NA,NA,NA,NA,NA,2 AM,8,Instagram,iPhone,Arizona Diamondbacks,Buffalo Bills,NA,Columbus Blue Jackets,100,0,0,100,100,100,public school,50,Yes,Yes,NA,NA,NA,NA,NA,NA,NA,NA,NA,NA,NA,NA,NA,NA,NA,NA,NA,NA,NA,NA,NA,NA,NA,NA,NA,NA,NA,NA,NA,NA,NA,NA,NA,NA,NA,NA,NA,NA,NA,NA,NA,NA,NA,NA,NA,NA,NA,NA,NA
2024-09-07 17:54:52 UTC,SML 201,Yes: AP Statistics,Sophomore,8,Computer Science,Mathey,NA,Female,5,July,19,65,8.5,130,NA,NA,12 midnight,8,Instagram,iPhone,NA,NA,NA,NA,35,85,2,NA,NA,NA,public school,NA,No,No,3,50,NA,No,NA,NA,No,90,0,40,maroon,42,7,14,14,7,NA,30,3,NA,20,40,4,NA,50,NA,Yes,NA,Yes,Yes,Yes,NA,Pancakes,coffee,Cats,snow,tolerable,NA,NA,3,NA,NA,Fall,right-handed,NA,5,NA,Professor David Villalobos,NA
2024-09-09 13:50:35 UTC,SML 201,Yes: AP Statistics,Sophomore,9,Computer Science,Yeh College,3.92,Female,15,January,19,62,7.5,131,1500,6,12 midnight,7,"Instagram,LinkedIn,Pinterest",iPhone,NA,Dallas Cowboys,Dallas Mavericks,"Dallas Stars,Minnesota Wild",25,80,0,95,95,40,public school,20,No,No,2.5,100,80,No,100,85,No,75,85,93,green,10,4,12,4,3,70,0,1,Half blood prince,10,70,4,1540,70,50,Yes,100,Yes,No,Yes,98,Waffles,coffee,Cats,snow,tolerable,90,3,2,flash,Deadpool,Winter,right-handed,100,4,EGR152,Pedro Pareles,100
2024-09-04 03:31:02 UTC,SML 201,Yes: a (non-AP) Statistics course in high school,Sophomore,10,other,Whitman,4,Male,10,July,19,71,13,155,2000,7,12 midnight,7,"Instagram,LinkedIn",iPhone,New York Yankees,Dallas Cowboys,Boston Celtics,New Jersey Devils,50,50,0,95,90,10,private school,80,No,No,6,95,50,No,95,10,Yes,75,90,75,Blue with a splash of brown,3,5,14,7,5,0,60,0,Star Wars,30,40,4,1590,70,15,No,0,Yes,Yes,Yes,99,Waffles,(neither),Dogs,snow,No!,70,1,2,Doctor Strange,Darth Vader,Winter,right-handed,95,1,CLG 213,Prof. Billings but so many great ones!,30
2024-09-03 17:49:32 UTC,SML 201,No,Sophomore,8,Computer Science,Yeh College,3.912,Male,15,September,20,73,11,188,3200,10,11 PM,8,"Instagram,Twitter (X)",iPhone,Seattle Mariners,"Philadelphia Eagles,Seattle Seahawks",NA,NA,50,10,0,95,75,5,private school,100,Yes,No,1.6,98,95,Yes: athletic scholarship,85,80,No,95,99,75,Orange,72,9,14,0.1,2.33,0,70,1,The Godfather,0,55,3.98,1580,25,40,No,10,Yes,No,No,99,Pancakes,coffee,Dogs,ocean,Yes!,95,1,2,Iron Man,Two-Face,Summer,right-handed,98,5,CHI 105,Professor Alan Kaplan,100
2024-09-05 12:55:32 UTC,SML 201,Yes: AP Statistics,Senior,28,Computer Science,Rockefeller,3.6,Male,6,December,21,70,10,150,2000,6,1 AM,7,"Instagram,LinkedIn,Twitter (X)",iPhone,Houston Astros,Houston Texas,Houston Rockets,Dallas Stars,0,50,0,90,60,25,public school,0,Yes,Yes,2,95,75,Yes: sports club,75,100,Yes,80,75,75,Green,12,6,14,4,3,100,90,1,"Everything, Everywhere, All at Once",70,80,4,1550,60,12,Yes,0,Yes,No,Yes,95,Pancakes,tea,Cats,ocean,tolerable,90,3,2,NA,Homelander,Summer,right-handed,95,4,EAS 211,"Robert Dondero

 ",100
2024-09-03 19:45:45 UTC,SML 201,No,Sophomore,9,Computer Science,Whitman,3.6,Female,30,September,18,64,7.5,NA,NA,3,12 midnight,7,"Instagram,LinkedIn,Pinterest",iPhone,NA,NA,NA,NA,5,0,3,67,80,20,public school,70,Yes,Yes,2.6,100,60,No,100,80,No,65,70,50,green,26,7,14,7,7,100,65,1,n/a,70,45,4.16,1500,50,12,Yes,50,Yes,No,Yes,90,Pancakes,tea,Cats,snow,tolerable,65,2,4,n/a,n/a,Fall,right-handed,90,8,MAT 202,David Villalobos,80
2024-09-03 20:47:58 UTC,SML 201,Yes: AP Statistics,Sophomore,8,other,Mathey,NA,Female,30,February,19,63,6.5,110,1800,5,2 AM,6,"Instagram,Pinterest",iPhone,NA,NA,NA,NA,NA,1,1,70,70,30,public school,70,Yes,No,1.2,80,90,No,30,40,No,NA,NA,NA,Green,26,7,14,0,5,70,50,1,NA,20,70,3.9,1540,50,10,Yes,40,Yes,No,Yes,75,Pancakes,coffee,Cats,NA,Yes!,70,2,1,NA,NA,Fall,right-handed,80,5,PHY 106,Peter Meyers,50
2024-09-05 18:05:47 UTC,SML 201,Yes: AP Statistics,Senior,24,Neuroscience,Mathey,3.588,Female,20,October,21,70,9,148,2000,1,1 AM,5,Instagram,iPhone,Atlanta Braves,Miami Dolphins,Miami Heat,Florida Panthers,30,50,A,70,60,90,public school,0,Yes,Yes,2,80,70,No,70,70,No,70,60,20,purple,14,7,14,7,0,100,20,3,me before you ,50,70,4,NA,80,15,Yes,70,Yes,Yes,Yes,70,Waffles,tea,Dogs,ocean,No!,70,10,3,superman,joker,Fall,right-handed,70,2,NA,Professor Aisha Beliso de Jesus ,90
2024-09-06 03:08:15 UTC,SML 201,Yes: AP Statistics,Sophomore,11,Anthropology,Whitman,3.763,Male,30,December,19,67,8.5,70,2500,3,12 midnight,7,"Facebook,Instagram",iPhone,NA,NA,NA,NA,65,20,3,95,95,50,public school,40,No,No,2.5,98,60,Yes: intramural team,90,80,No,75,80,80,Emerald Green,37,7,14,7,4,0,65,0,Your Name,35,85,4,1560,30,15,No,0,Yes,Yes,Yes,99,Pancakes,tea,Dogs,snow,tolerable,80,1,2,NA,NA,Winter,right-handed,95,4,JPN 101,Professor Watanabe,100
2024-09-02 14:43:30 UTC,SML 201,Yes: AP Statistics,Junior,16,Ecology and Evolutionary Biology,Whitman,3.77,Female,30,October,20,71,10,152,3000,20,11 PM,7,Instagram,iPhone,Kansas City Royals,St. Louis Rams,Phoenix Suns,Winnipeg Jets,20,10,0,80,70,80,public school,15,No,No,2,90,50,Yes: athletic scholarship,50,10,No,80,85,40,turquoise,1,16,14,7,4,20,50,1,Pride and Prejudice,40,90,4,1550,0,20,Yes,10,Yes,No,No,90,Waffles,coffee,Dogs,ocean,No!,70,2,2,Spiderman,Loki,Spring,right-handed,90,4,CLA225,James Vreeland,100
2024-09-04 21:07:09 UTC,SML 201,No,Junior,13,Molecular Biology,Butler,3.71,Male,25,May,20,68,12,165,3000,14,1 AM,7,"Instagram,LinkedIn",iPhone,Detroit Tigers,Detroit Lions,Golden State Warriors,Detroit Red Wings,35,30,1,75,50,35,religious institution,65,Yes,No,1.5,100,80,No,100,90,No,90,90,90,blue,38,10,14,7,0.5,100,100,2,the wolf of Wall Street,30,20,3.8,1530,70,40,Yes,85,Yes,Yes,Yes,70,Pancakes,tea,Dogs,snow,Yes!,80,6,2,Spiderman,dr. doofensmirtz,Summer,right-handed,95,4,FRS 112,Dr. Peter Kelly,100
2024-09-03 18:29:04 UTC,SML 201,Yes: AP Statistics,Senior,28,Computer Science,Mathey,3.8,Male,1.5,February,21,71,9,155,3000,13,12 midnight,6,"Instagram,LinkedIn",iPhone,Milwaukee Brewers,Green Bay Packers,Milwaukee Bucks,Pittsburgh Penguins,50,50,0,90,85,5,religious institution,45,Yes,No,1,100,80,No,35,20,Yes,70,10,10,green,3,12,15,7,4,1,50,2,batman dark knight,40,70,3.8,1520,95,40,Yes,1,Yes,Yes,Yes,80,Pancakes,coffee,Dogs,ocean,tolerable,70,2,1,batman,joker,Fall,right-handed,100,6,COS 445,David August,95
2024-09-05 07:22:43 UTC,SML 201,Yes: AP Statistics,Junior,19,other,New College West,3.7,Male,15,November,19,78,13,240,3500,7,3 AM,6,"Instagram,LinkedIn",Android,Miami Marlins,New Orleans Saints,"Memphis Grizzles,New Orleans Pelicans",Florida Panthers,45,89,0,35,70,45,public school,13,No,Yes,4.25,100,15,Yes: intramural team,65,89,Yes,24,40,21,Black,13,6,12,0,5,100,75,3,2012,89,61,3.978,0,55,92,No,35,Yes,Yes,Yes,75,Pancakes,(neither),Cats,ocean,No!,30,7,5,Spider-Man,Frozone,Spring,ambidextrous,100,2,URD 107,Gyan Prakash,100
2024-09-02 23:24:38 UTC,SML 201,Yes: AP Statistics,Sophomore,9,Molecular Biology,Forbes,3.115,Male,10,December,19,75,12,195,3000,11.5,12 midnight,7,Instagram,iPhone,NA,NA,NA,NA,25,0,0,100,100,0,public school,95,Yes,No,2,100,100,No,100,25,Yes,75,90,50,Green,7,16,16,7,3,100,100,1,Interstellar,10,70,4,1530,30,10,Yes,0,Yes,No,Yes,90,Pancakes,tea,Dogs,snow,Yes!,100,2,3,Spiderman,The Joker,Fall,right-handed,100,3,MOL 348,Professor Jared Toettcher,100
2024-09-05 00:43:09 UTC,SML 201,Yes: AP Statistics,Sophomore,8,Molecular Biology,New College West,NA,Male,35,April,19,73,11,200,2000,8,1 AM,5,"Instagram,LinkedIn",iPhone,Los Angeles Dodgers,"New York Jets,St. Louis Rams","Golden State Warriors,Los Angeles Lakers","Los Angeles Kings,New Jersey Devils,Toronto Maple Leafs",30,75,0,75,85,70,public school,40,No,No,3,90,80,No,60,20,NA,60,90,80,Blue,5,9,16,3,8,70,90,0,Pulp Fiction,50,80,4,1580,60,15,No,90,Yes,No,No,90,Pancakes,coffee,Dogs,ocean,Yes!,90,3,2,Spiderman,Thanos,Summer,right-handed,90,8,CHM 201,Michael Hecht,100
2024-09-03 13:09:05 UTC,SML 201,Yes: AP Statistics,Senior,25,other,New College West,3.408,Male,24,July,21,66,8,100,1800,2,12 midnight,5,Instagram,iPhone,Arizona Diamondbacks,Arizona Cardinals,Golden State Warriors,New York Rangers,90,90,0,100,100,0,public school,50,No,No,2.2,100,33,No,70,80,NA,80,70,75,lime green,4,5,10,1,5,100,50,1,Interstellar,80,80,4,1500,40,10,Yes,0,Yes,No,Yes,90,Waffles,coffee,Cats,snow,tolerable,100,30,2,Jesus,Satan,Winter,right-handed,100,4,MAT 306,Biao Lian,100
2024-09-04 00:17:13 UTC,SML 201,No,Sophomore,10,Computer Science,New College West,3.6,Male,25,April,19,68,10,160,2700,5,1 AM,6,Instagram,iPhone,NA,NA,NA,NA,20,15,5,77,82,33,public school,75,No,Yes,3.3,95,62,No,84,52,Yes,82,64,69,Forest Green,51,6,10,0,4,100,51,1,In Bruges,19,83,100.574,1530,32,40,Yes,0,Yes,Yes,Yes,20,Pancakes,tea,Cats,snow,Yes!,85,3,4,NA,NA,Spring,right-handed,94,3,SPA233,David Villalobos,87
2024-09-03 20:05:46 UTC,SML 201,No,Sophomore,9,Molecular Biology,New College West,3.2,Female,40,August,19,60,7,110,NA,NA,10 PM,9,"Pinterest,Tumblr,Twitter (X)",iPhone,NA,NA,NA,NA,NA,NA,NA,90,NA,30,public school,50,No,No,2,100,80,No,100,NA,No,70,NA,NA,NA,7,7,14,7,7,80,90,2,NA,NA,70,3.9,1550,NA,NA,Yes,20,Yes,No,Yes,100,Pancakes,tea,Cats,ocean,tolerable,75,3,2,NA,NA,Summer,right-handed,100,4,EEB211,NA,90
2024-09-03 18:36:00 UTC,SML 201,No,Junior,18,Computer Science,Butler,3.6,Male,15,June,21,74,12,195,3000,12,12 midnight,8,Instagram,iPhone,Boston Red Sox,San Francisco 49ers,Houston Rockets,New York Rangers,0,0,2,70,70,25,private school,90,Yes,No,1.4,98,90,Yes: athletic scholarship,25,50,Yes,80,90,85,Forest Green,44,13,14,12,5,0,55,2,Banshees of Inisherin,10,80,4,1490,65,40,Yes,0,Yes,No,Yes,85,Waffles,coffee,Dogs,snow,tolerable,95,2,3,"Doctor Fate, Baymax",Ra’s al Ghul,Spring,right-handed,98,10,EAS 310,Professor Vreeland,100
2024-09-02 18:25:51 UTC,SML 201,No,Sophomore,9,Molecular Biology,Yeh College,3.84,Female,20,August,19,64,8,118,1500,3,11 PM,7,Instagram,iPhone,"New York Mets,New York Yankees","New York Giants,Philadelphia Eagles",Miami Heat,New York Rangers,70,20,0,40,26,91,public school,34,No,Yes,2,90,60,No,90,80,No,95,35,50,Baby blue,5,7,14,2,5,100,40,2,Hidden Figures,70,80,3.9,1470,40,8,Yes,90,No,No,Yes,80,Waffles,tea,Cats,ocean,tolerable,80,7,2,Iron man,Joker,Fall,right-handed,90,4,MOL 214,Karin McDonald,80
2024-09-03 14:37:44 UTC,SML 201,Yes: AP Statistics,Sophomore,9,Molecular Biology,Forbes,3.92,Female,8,September,18,63,7,109,2100,2,1 AM,7,"Instagram,LinkedIn",iPhone,"Baltimore Orioles,Boston Red Sox,Los Angeles Dodgers,New York Yankees","Chicago Bears,Cincinnati Bengals,Philadelphia Eagles","Boston Celtics,Golden State Warriors,Miami Heat",New Jersey Devils,33,70,0,70,70,40,public school,80,No,No,4,100,70,No,90,50,No,85,100,100,Green,7,7,14,7,4,50,90,0,Ocean's 8,30,60,4,1570,40,10,No,60,Yes,Yes,Yes,90,Waffles,tea,Dogs,snow,tolerable,80,2,3,Spiderman,Maleficent,Spring,right-handed,100,4,MOL 214,Kaylee Cappucchio ,100
2024-09-05 01:55:15 UTC,SML 201,Yes: AP Statistics,Sophomore,8,Molecular Biology,New College West,3.63,Female,25,June,19,63,6,115,2000,7,12 midnight,6,"Instagram,LinkedIn,Pinterest",iPhone,"Boston Red Sox,Washington Nationals","San Francisco 49ers,Washington Redskins","Golden State Warriors,Los Angeles Lakers",Washington Capitals,40,20,0,40,40,80,public school,5,No,No,1.5,95,70,No,90,30,No,30,60,60,Blue,8,7,14,7,7,0,20,1,Forrest Gump,70,70,4,1590,5,15,Yes,80,Yes,No,No,95,Pancakes,coffee,Dogs,snow,Yes!,80,2,3,Spiderman,The Joker,Summer,right-handed,95,4,CHI 108,Vincent Rinaolo - CHM 202,99
2024-09-06 01:44:38 UTC,SML 201,Yes: AP Statistics,Sophomore,8,Molecular Biology,Yeh College,3.2,Female,20,July,20,65,7,120,2000,3,12 midnight,7.5,"Instagram,LinkedIn",iPhone,NA,NA,NA,NA,45,30,1,70,50,70,public school,20,No,Yes,2.5,80,70,Yes: sports club,100,50,No,70,50,50,Red,49,7,14,14,7,0,70,0,Shrek 2,40,80,4,1550,50,10,Yes,70,Yes,No,Yes,90,Pancakes,coffee,Cats,snow,Yes!,90,1.5,3,Batman,Lex Luthor,Fall,right-handed,80,5,MOL214,Professor Vreeland,100
2024-09-03 21:55:32 UTC,SML 201,Yes: AP Statistics,Junior,17,Computer Science,Forbes,3.868,Male,20,February,20,69,10.5,145,2000,2,2 AM,7,Instagram,iPhone,NA,Carolina Panthers,NA,NA,50,50,0,60,60,35,public school,50,No,No,1.3,95,40,No,60,50,Yes,60,80,35,blue,9,6,14,4,6,0,30,1,NA,70,50,4.2,1510,20,20,Yes,10,Yes,No,No,100,Pancakes,(neither),Cats,snow,No!,50,10,2,NA,NA,Fall,right-handed,100,4,COS 126,Louis Esser,90
2024-09-05 14:32:39 UTC,SML 201,Yes: a (non-AP) Statistics course in high school,Freshman,0,other,New College West,0,Female,40,January,18,62,8,115,1500,2,11 PM,7,Instagram,Android,Philadelphia Phillies,New York Giants,Chicago Bulls,Arizona Coyotes,30,0,0,80,90,50,public school,70,No,No,4.5,80,40,No,70,60,No,60,50,50,black,0,6,7,3,4,90,70,1,fantastic beasts and where to find them,40,70,4,1600,40,10,Yes,30,Yes,No,No,100,Pancakes,coffee,Dogs,snow,No!,40,1,3,iron man,voldemort,Winter,right-handed,70,4,Music 105,Professor Esser,70
2024-09-04 19:57:36 UTC,SML 201,Yes: AP Statistics,Junior,19,Computer Science,Butler,3.4,Female,30,November,20,62,7.5,120,1500,0,12 midnight,8,"Instagram,LinkedIn,Pinterest,Twitter (X)",iPhone,"New York Mets,New York Yankees","Green Bay Packers,New York Giants,New York Jets","Brooklyn Nets,Los Angeles Lakers,Miami Heat,New York Knicks",New Jersey Devils,25,80,0,80,80,10,public school,100,No,No,1.3,90,80,No,80,80,Yes,80,30,50,yellow,7,7,14,7,1,30,60,2,Hidden Figures,0,80,4,1550,40,20,Yes,30,Yes,Yes,Yes,90,Pancakes,tea,Dogs,snow,tolerable,80,0.5,1,Spiderman,Joker,Winter,right-handed,90,4,The History of Beauty Pageants,Laurel Schwulst,95
2024-09-04 02:49:29 UTC,SML 201,No,Sophomore,8,Computer Science,Butler,3.587,Male,20,January,19,69,8,125,1900,4,12 midnight,8,"Instagram,LinkedIn",iPhone,"Atlanta Braves,New York Yankees,Pittsburgh Pirates","Pittsburgh Steelers,San Francisco 49ers","Los Angeles Lakers,New York Knicks",Pittsburgh Penguins,67,90,0,88,88,42,public school,80,Yes,No,1.8,98,94,Yes: intramural team,97,43,Yes,89,83,78,Blue,25,14,14,3,4,96,89,1,La La Land,26,84,4,1550,88,74,Yes,22,Yes,Yes,Yes,94,Waffles,coffee,Dogs,ocean,tolerable,86,2,2,Iron Man,Thanos,Winter,right-handed,96,12,COS126,David Stirk,94
2024-09-04 22:40:44 UTC,SML 201,Yes: a statistics course at another college,Sophomore,9,Economics,New College West,3.53,Male,25,May,19,67,11,153,2000,3,1 AM,8,"Instagram,Twitter (X)",iPhone,"Colorado Rockies,Miami Marlins","Baltimore Ravens,Chicago Bears,Miami Dolphins",Miami Heat,New York Rangers,40,75,0,85,65,0,private school,70,No,No,2,90,60,No,80,83,No,87,84,74,Blue,64,14,14,0,3,60,85,1,The Shawshank Redemption,72,63,4,1540,40,20,Yes,50,Yes,No,Yes,95,Pancakes,(neither),Cats,snow,No!,85,4,1,Spider-Man,Homelander (The Boys),Summer,right-handed,90,4,PHI 301,Cesar Romero Fernandez,98
2024-09-04 23:09:16 UTC,SML 201,Yes: AP Statistics,Sophomore,8,Economics,Yeh College,NA,Female,45,August,20,63,5,100,2000,6,1 AM,7,"Instagram,LinkedIn,Pinterest",iPhone,Los Angeles Dodgers,NA,Boston Celtics,NA,NA,50,0,45,40,50,public school,50,No,No,2.4,80,70,No,38,50,No,80,57,70,green,12,7,14,7,7,70,60,1,despicable me,9,89,4,1570,70,20,Yes,45,Yes,Yes,Yes,80,Waffles,tea,Cats,snow,Yes!,70,3,2,iron man,NA,Winter,right-handed,70,3,FRS 174,NA,80
2024-09-04 21:19:14 UTC,SML 201,Yes: AP Statistics,Senior,26,Computer Science,New College West,3.85,Female,25,December,20,64,6.5,145,1600,2,1 AM,7.5,"Instagram,LinkedIn",iPhone,NA,NA,NA,NA,20,0,0,80,70,10,public school,50,No,No,2.6,90,50,No,40,80,No,85,80,50,green,9,7,14,5,7,70,70,0,Farewell My Concubine,50,40,4,1590,20,20,Yes,80,Yes,No,Yes,90,Waffles,tea,Dogs,snow,tolerable,80,15,3,Deadpool,The Joker,Winter,left-handed,90,4,FRE 101,James Raymond Vreeland,90
2024-09-03 03:17:51 UTC,SML 201,Yes: a (non-AP) Statistics course in high school,Senior,37,Molecular Biology,Forbes,NA,Male,NA,NA,NA,NA,NA,NA,NA,NA,NA,NA,NA,NA,NA,NA,NA,NA,NA,NA,NA,NA,NA,NA,public school,NA,No,NA,4,NA,NA,NA,NA,NA,NA,NA,NA,NA,Blue,NA,NA,NA,NA,NA,NA,NA,0,NA,NA,NA,NA,NA,NA,NA,NA,NA,NA,NA,Yes,100,Pancakes,tea,Dogs,ocean,tolerable,NA,NA,1,NA,NA,Winter,right-handed,NA,NA,NA,NA,NA
2024-09-05 14:38:23 UTC,SML 201,Yes: AP Statistics,Sophomore,8,Neuroscience,Mathey,4.65,Female,38,October,19,70,8,121,2000,7,1 AM,7.5,"Instagram,Pinterest",iPhone,St. Louis Cardinals,Tennessee Titans,Boston Celtics,Toronto Maple Leafs,10,5,1,80,50,40,public school,50,Yes,No,2,100,90,Yes: intramural team,50,50,No,80,70,30,Coral,2,4,14,5,2,50,60,2,Interstellar,40,40,4,1550,30,40,Yes,15,Yes,No,Yes,90,Waffles,coffee,Dogs,ocean,tolerable,50,1.5,2,Spiderman,Idk,Fall,right-handed,95,4,PSY254,Prof. Sorenson,100
2024-09-02 16:25:53 UTC,SML 201,Yes: AP Statistics,Sophomore,10,Operations Research and Financial Engineering,Mathey,3.36,Female,18,May,19,64,8.5,125,1800,6,12 midnight,5,Instagram,iPhone,NA,NA,NA,NA,25,0,0,85,85,56,public school,68,No,No,1.7,62,74,No,84,87,No,60,50,50,yellow,14,7,14,7,3.5,80,0,5,Everything Everywhere All At Once,50,70,4,1540,30,5,Yes,0,Yes,No,Yes,80,Waffles,tea,Cats,snow,Yes!,73,3,2,Doctor Strange,Megamind,Fall,left-handed,62,6,FRS 114,Alexander Davis,100
2024-09-02 19:26:59 UTC,SML 201,Yes: AP Statistics,Sophomore,12,Computer Science,New College West,3.68,Male,15,April,19,68,10.5,124,NA,1,12 midnight,7,"Instagram,LinkedIn",iPhone,NA,NA,NA,NA,27,35,0,70,60,75,public school,20,No,Yes,3.8,90,30,No,80,50,No,12,70,65,Cyan,117,7,10,0,3,100,50,1,NA,80,80,3.97,1590,70,10,Yes,0,Yes,Yes,Yes,90,Pancakes,tea,Cats,snow,No!,60,4,4,The Flash,Darth Vader,Winter,right-handed,90,4,FRS 172,David Villalobos,90
2024-09-04 19:50:08 UTC,SML 201,Yes: AP Statistics,Sophomore,8,Princeton School of Public and International Affairs,Mathey,3.8,Female,42,April,19,70,8,125,2000,5,12 midnight,7,"Facebook,Instagram,LinkedIn",iPhone,Philadelphia Phillies,New York Giants,Los Angeles Lakers,Edmonton Oilers,80,10,0,80,60,80,public school,40,No,Yes,4,80,70,No,70,70,Yes,65,50,60,Blue,7,7,14,14,7,100,40,1,Spirited Away,40,70,4,1510,60,15,Yes,60,Yes,Yes,Yes,99,Pancakes,tea,Cats,ocean,tolerable,70,2,2,Spiderman,Joker,Fall,right-handed,80,5,ENG 345,Jeff Nunokawa,90
2024-09-03 05:19:48 UTC,SML 201,Yes: AP Statistics,Sophomore,9,Molecular Biology,Mathey,NA,Male,30,November,19,70,9.5,185,3500,8,1 AM,6,LinkedIn,iPhone,Philadelphia Phillies,Philadelphia Eagles,Philadelphia 76ers,Philadelphia Flyers,NA,90,0,70,70,85,public school,50,No,Yes,2.7,90,90,Yes: sports club,90,60,Yes,80,NA,NA,blue,7,9,14,4,7,80,70,1,curious george the movie,10,40,4,1570,80,30,No,0,Yes,Yes,Yes,100,Waffles,coffee,Dogs,snow,tolerable,75,1,3,dr. strange,loki,Spring,right-handed,90,4,BNG280,Professor Jared Toettcher,75
2024-09-05 21:57:11 UTC,SML 201,No,Senior,25,Chemistry,New College West,3.817,Female,25,December,21,64,7,124,NA,4,11 PM,7,Instagram,iPhone,Boston Red Sox,Miami Dolphins,Philadelphia 76ers,Boston Bruins,30,40,2,65,70,60,public school,40,Yes,No,2.2,80,95,Yes: sports club,15,35,Yes,85,65,85,Green,8,2,14,4,2,100,80,5,La La Land,10,65,3.9,1590,70,20,Yes,0,Yes,Yes,Yes,98,Pancakes,tea,Cats,ocean,Yes!,100,0.75,3,NA,NA,Spring,right-handed,80,3,JRN 240,Erik Sorensen,80
2024-09-02 23:14:31 UTC,SML 201,No,Sophomore,8,Psychology,Yeh College,3.3,Female,17,April,19,73,12.5,187,2000,18,1 AM,7,Instagram,iPhone,Houston Astros,Houston Texas,New York Knicks,NA,40,90,0,70,60,80,private school,100,No,No,2.8,100,80,Yes: athletic scholarship,80,90,Yes,90,85,85,Blue,24,9,16,5,NA,5,95,0,B.a.p.s,15,95,4,NA,10,20,Yes,0,Yes,No,Yes,80,Waffles,tea,Dogs,ocean,No!,90,2,1,Wonder Woman,Joker,Spring,right-handed,95,6,ANT201,Professor Guild,100
2024-09-04 03:25:03 UTC,SML 201,Yes: AP Statistics,Sophomore,10,Molecular Biology,Forbes,3,Female,36,January,19,55,8,130,1000,1,12 midnight,8,"Facebook,Pinterest",iPhone,New York Yankees,"Dallas Cowboys,Houston Texas,New York Giants,San Francisco 49ers",Golden State Warriors,New Jersey Devils,30,85,0,70,50,80,public school,20,No,Yes,2,100,50,No,60,50,No,80,70,55,Pink,8,3,14,14,3,100,90,4,The Pursuit of Happyness,50,90,4,1500,50,10,No,100,Yes,No,Yes,100,Pancakes,coffee,Dogs,ocean,tolerable,85,14,3,Superman,The Joker,Spring,right-handed,100,1,CHM 290,Dr. Mostafavi and Dr. Francis ,100
2024-09-05 05:45:05 UTC,SML 201,Yes: AP Statistics,Sophomore,8,Computer Science,Whitman,3.8,Male,35,May,19,67,10,NA,NA,1.5,2 AM,6,Instagram,iPhone,Los Angeles Dodgers,NA,Los Angeles Lakers,NA,0,NA,NA,85,75,70,public school,50,No,No,2,90,85,No,90,60,No,75,70,50,Blue,5,7,14,5,7,90,70,1,Parasite,10,80,4,1560,80,11,Yes,30,Yes,Yes,Yes,100,Waffles,coffee,Dogs,ocean,tolerable,75,1,1,Spider-Man,Thanos,Spring,right-handed,90,5,"ANT344
------",Professor Onur Gunay,90
2024-09-03 15:32:57 UTC,SML 201,No,Sophomore,9,other,Whitman,3.75,Male,8,August,NA,68,10,160,2300,8,11 PM,7,Instagram,NA,New York Yankees,New York Giants,New York Knicks,New Jersey Devils,35,10,1,70,80,10,public school,100,No,Yes,2,100,80,No,100,50,Yes,80,70,70,Green,8,10,10,7,2,100,70,1,Lion King,10,90,2.5,1100,30,28,Yes,0,Yes,Yes,Yes,98,Pancakes,coffee,Cats,ocean,tolerable,90,3,4,Thor,Trump,Summer,right-handed,100,2,COS 226,Dr. Valavi,100
2024-09-02 12:51:34 UTC,SML 201,No,Senior,27,Chemistry,Mathey,3.55,Female,30,August,21,70.5,10.5,140,1800,6,12 midnight,8,"Instagram,Pinterest",iPhone,NA,NA,"Golden State Warriors,Los Angeles Lakers",NA,20,35,2,50,20,65,religious institution,70,No,No,1.3,70,80,Yes: sports club,90,50,No,85,60,80,pink and sage green,7,9,12,4,0.5,75,90,1,city of god or get out,2,100,3.95,1480,50,20,Yes,20,Yes,Yes,Yes,95,Pancakes,tea,Cats,ocean,Yes!,80,1,2,black panther,circe from game of thrones,Summer,right-handed,80,4,NA,Prof. Will Gleason,98
2024-09-02 21:04:56 UTC,SML 201,Yes: a (non-AP) Statistics course in high school,Sophomore,10,Computer Science,Butler,3.8,Male,10,February,20,70,11.5,200,2500,6,12 midnight,6,"Facebook,Instagram,LinkedIn,Twitter (X)",iPhone,NA,Jacksonville Jaguars,Denver Nuggets,NA,30,5,1,80,40,65,public school,15,No,No,3.5,90,20,No,20,70,No,40,70,55,Blue,26,8,13,0,8,95,60,3,The Lego Movie,60,20,NA,1580,50,25,Yes,0,Yes,Yes,Yes,85,Waffles,coffee,Dogs,ocean,No!,75,2,4,Spider-Man,Dr. Doofenshmirtz,Spring,right-handed,85,4,JPN 105,Professor Sebastian Caldas,60
2024-09-05 17:14:42 UTC,SML 201,Yes: AP Statistics,Senior,26,Neuroscience,Butler,3.051,Female,25,May,21,NA,8,130,1800,1,3 AM,6,Pinterest,Android,Philadelphia Phillies,Philadelphia Eagles,NA,New Jersey Devils,40,70,0,75,80,50,public school,15,No,Yes,2,60,50,No,20,80,No,75,70,60,Rosegold,3,7,14,7,5,100,50,1,Coco,10,10,NA,NA,50,10,Yes,0,Yes,Yes,Yes,90,Waffles,tea,Dogs,snow,tolerable,70,0.5,1,Raven,Joker,Spring,right-handed,60,4,SPA205,Jesse Gomez,100
2024-09-03 19:44:40 UTC,SML 201,Yes: AP Statistics,Sophomore,10,other,Yeh College,3.9,Female,15,February,19,65,6,130,2000,5,1 AM,6,Instagram,iPhone,NA,NA,NA,NA,80,5,3,79,50,30,public school,80,Yes,Yes,2.3,80,80,No,90,0,No,80,80,90,Blue,2,8,14,0,7,0,80,1,Gattaca,60,80,NA,1510,20,10,Yes,0,Yes,No,No,90,Waffles,coffee,Dogs,ocean,tolerable,70,6,4,Batman,Joker,Fall,right-handed,80,2,JRN 445,Christiaan Triebert,90
2024-09-06 20:49:48 UTC,SML 201,Yes: a (non-AP) Statistics course in high school,Sophomore,9,Computer Science,Butler,2.9,Female,12,January,20,5.5,5,120,1500,4,12 midnight,7,"Instagram,LinkedIn",iPhone,Texas Rangers,Arizona Cardinals,Brooklyn Nets,Arizona Coyotes,50,13,4,56,54,55,religious institution,54,No,Yes,3.5,2,2,No,32,43,No,3,3,4,green,4,2,1,1,1,1,1,1,Black Panther,34,43,2.9,1200,45,45,Yes,54,Yes,Yes,Yes,5,Pancakes,tea,Cats,ocean,Yes!,67,56,2,Wonder Woman,none,Fall,right-handed,67,4,Class #21180,Claire Gmachal,45
2024-09-03 04:06:03 UTC,SML 201,No,Sophomore,8,Molecular Biology,Whitman,3.55,Male,40,August,21,71,10,145,NA,3,12 midnight,NA,"Instagram,LinkedIn,Twitter (X)",iPhone,Boston Red Sox,New England Patriots,Boston Celtics,Boston Bruins,60,30,0,90,90,20,private school,70,Yes,No,2,100,90,Yes: intramural team,90,50,Yes,80,70,60,Blue,4,7,14,7,4,0,60,2,3 Idiots,20,50,NA,1540,40,50,No,20,Yes,Yes,Yes,95,Pancakes,tea,Dogs,ocean,Yes!,90,1,4,Spiderman,Thanos,Spring,right-handed,95,8,POL 332,Michael Hecht,80
2024-09-09 06:24:57 UTC,SML 201,No,Senior,26,Economics,Rockefeller,3.6,Male,10,August,NA,180,8,200,2500,10,2 AM,6,Pinterest,iPhone,"Detroit Tigers,New York Yankees","Minnesota Vikings,Philadelphia Eagles","Los Angeles Clippers,Los Angeles Lakers",Edmonton Oilers,60,50,6,50,50,40,private school,40,Yes,Yes,3,80,50,No,50,50,No,50,50,50,Black,7,7,7,7,7,100,70,2,Little Miss Sunshine,30,70,3.9,1580,20,3,Yes,0,Yes,Yes,Yes,905,Waffles,(neither),Cats,ocean,tolerable,80,2,4,Robinhood,Joker,Spring,right-handed,80,8,SML 354,Professor Olivier Tarpaga,30
2024-09-02 17:26:26 UTC,SML 201,Yes: AP Statistics,Sophomore,8,Molecular Biology,Forbes,3.962,Female,25,September,19,62,5.5,106,1800,3,11 PM,7,NA,iPhone,"Chicago Cubs,Cleveland Indians",Dallas Cowboys,NA,NA,10,60,1,75,70,NA,public school,80,No,No,2.2,95,30,No,70,50,No,75,70,60,Green,26,7,14,5,7,95,80,2,Letters to Juliet,80,60,4,1560,50,30,No,50,Yes,Yes,Yes,99,Pancakes,tea,Dogs,snow,Yes!,65,0.5,2,Spiderman,Mother Gothel,Winter,right-handed,95,4,MOL 214,Professor Yuseon Yun,95
2024-09-04 01:44:26 UTC,SML 201,No,Junior,16,Molecular Biology,Butler,3,Male,2,November,19,73,12,185,3000,12,12 midnight,6,Instagram,iPhone,Philadelphia Phillies,Philadelphia Eagles,Philadelphia 76ers,Philadelphia Flyers,0,100,0,60,43,0,private school,100,No,No,1.2,90,40,Yes: athletic scholarship,100,70,Yes,30,0,0,"black

 ",7,14,14,0,14,80,0,2,The City of God,85,40,3.52,1400,0,5,Yes,80,Yes,No,No,50,Waffles,tea,Cats,ocean,tolerable,100,3,1,Spiderman,Funny Valentine (Jojo's Bizarre Adventure),Summer,right-handed,90,4,MAT 202,Professor Hecht,2
2024-09-04 21:27:46 UTC,SML 201,Yes: AP Statistics,Sophomore,9,Psychology,Yeh College,3.788,Female,15,November,19,68,8.5,130,1500,4,1 AM,8,LinkedIn,iPhone,Houston Astros,New York Giants,Los Angeles Lakers,New York Rangers,30,80,0,82,65,99,public school,10,No,No,2,95,60,No,78,95,No,85,70,55,Violet,7,7,14,5,7,50,75,1,Minari,60,55,4,1540,85,20,Yes,5,Yes,No,Yes,90,Waffles,coffee,Cats,snow,Yes!,60,0.5,1,Batman,Joker,Spring,right-handed,95,5,PSY254,Susie Kim,95
2024-09-03 21:28:05 UTC,SML 201,Yes: a statistics course at another college,Junior,9,Economics,Rockefeller,2.9,Female,10,September,20,60,5,105,1500,1,12 midnight,8,NA,Android,NA,NA,Portland Trail Blazers,NA,10,0,A,50,20,50,public school,30,No,Yes,2.2,65,40,No,10,10,Yes,30,60,70,NA,NA,3,7,7,3,100,30,0,NA,50,50,4,NA,30,4,Yes,90,Yes,Yes,Yes,80,Waffles,tea,Dogs,snow,tolerable,50,2,2,NA,NA,Fall,right-handed,50,4,NA,NA,80
2024-09-02 23:36:39 UTC,SML 201,Yes: AP Statistics,Junior,19,Computer Science,Forbes,3.3,Female,50,September,20,64,7,100,2000,5,12 midnight,6,NA,iPhone,NA,NA,NA,NA,40,10,0,50,70,50,public school,30,No,No,1,80,10,Yes: sports club,90,50,No,NA,70,40,Blue,100,7,14,7,7,50,30,1,Castle in the Sky,NA,90,NA,1570,NA,NA,Yes,NA,NA,No,Yes,NA,NA,(neither),Dogs,NA,tolerable,NA,NA,NA,NA,NA,Fall,right-handed,NA,4,NA,NA,NA
2024-09-02 20:09:49 UTC,SML 201,No,Sophomore,8,other,Forbes,3.91,Male,20,June,19,74,11,209,2000,3,2 AM,7.5,"Instagram,LinkedIn,Twitter (X)",iPhone,NA,NA,NA,Los Angeles Kings,NA,10,0,79,89,70,private school,75,No,No,4,85,65,Yes: sports club,90,50,Yes,75,89,80,Black,9,7,7,0,5,0,60,0,NA,70,60,4,NA,70,20,No,30,No,Yes,Yes,95,Pancakes,tea,Dogs,ocean,tolerable,75,3,5,NA,NA,Spring,right-handed,85,7,TRA304,Molly Greene,50
2024-09-06 13:10:42 UTC,SML 201,Yes: AP Statistics,Sophomore,12,Neuroscience,Yeh College,NA,Male,8,November,19,71,10.5,157,2000,10,12 midnight,6,"Instagram,LinkedIn",iPhone,Philadelphia Phillies,Philadelphia Eagles,Philadelphia 76ers,Philadelphia Flyers,45,40,0,88,85,60,public school,80,NA,No,3.5,95,95,Yes: intramural team,100,80,No,90,90,85,green,4,5,12,3,4,NA,40,1,Knives Out,10,100,4.3,1530,90,50,Yes,50,Yes,No,Yes,95,Waffles,(neither),Dogs,ocean,tolerable,90,4,4,superman,NA,Summer,right-handed,95,3,FRS 195,JC de Swaan,90
2024-09-03 14:29:48 UTC,SML 201,No,Sophomore,10,Psychology,Forbes,3.8,Female,8,October,18,67,9,130,1300,7,12 midnight,5,"Instagram,LinkedIn,Pinterest,Twitter (X)",iPhone,"Boston Red Sox,Miami Marlins,Milwaukee Brewers,San Franciso Giants","Cleveland Browns,Dallas Cowboys,New England Patriots,New Orleans Saints,St. Louis Rams","Dallas Mavericks,New York Knicks,San Antonio Spurs","Colorado Avalanche,Montreal Canadiens,New Jersey Devils,New York Islanders,New York Rangers,Pittsburgh Penguins",0,98,0,67,60,23,private school,10,No,No,2.3,90,90,Yes: intramural team,40,47,Yes,83,89,92,blue,4,14,14,8,7,100,93,1,Inside Out 2,39,70,4.2,1500,69,40,Yes,90,Yes,Yes,Yes,99,Waffles,tea,Cats,ocean,No!,80,4,3,Thor,Thanos,Winter,right-handed,90,20,PSY101,Shaofei Lu,30
2024-09-02 22:35:56 UTC,SML 201,No,Junior,15,Neuroscience,Mathey,2.6,Male,34,April,NA,NA,9,135,12000,3.5,12 midnight,7,Instagram,iPhone,NA,NA,Los Angeles Lakers,NA,66,12,0,89,77,86,public school,44,No,No,2.2,97,88,No,21,31,No,100,89,89,black ,3,7,14,0,7,100,100,1,titanic ,88,75,4,1550,11,4,Yes,0,Yes,No,No,95,Waffles,coffee,Cats,ocean,Yes!,66,2.8,3,batman,me,Summer,right-handed,95,4,sml 201,Emma in writing department ,92
2024-09-03 01:09:14 UTC,SML 201,No,Sophomore,9,Molecular Biology,Yeh College,3.644,Female,15,October,19,66,7,134,1500,4,12 midnight,8,Instagram,iPhone,New York Yankees,Kansas City Chiefs,"Boston Celtics,New York Knicks","New Jersey Devils,New York Rangers",60,90,0,80,90,80,private school,90,No,No,2.8,95,75,No,65,60,No,90,90,80,Green,12,12,14,7,4,5,96,1,Mamma Mia,50,70,3.9,1590,60,20,Yes,0,Yes,Yes,Yes,95,Waffles,tea,Dogs,ocean,No!,90,8,3,Superwoman,Joker,Fall,right-handed,100,3,"Health, Policy and Politics in Latin America
--------------------------------------------",Juan Ferre,86
2024-09-03 15:53:13 UTC,SML 201,Yes: AP Statistics,Sophomore,9,Computer Science,Rockefeller,3.6,Female,40,March,19,68,7.5,108,NA,3,3 AM,5.5,Instagram,iPhone,NA,NA,NA,NA,50,0,0,80,65,50,public school,40,No,No,2.3,75,70,No,20,70,No,70,70,70,NA,NA,3,14,0,3,0,25,0,NA,55,35,4,1560,40,15,Yes,65,Yes,No,Yes,70,Pancakes,coffee,Cats,ocean,Yes!,70,3,4,NA,NA,Spring,right-handed,65,2,PSY 252,NA,80
2024-09-03 15:29:42 UTC,SML 201,No,Senior,28,Computer Science,Mathey,3.9,Female,25,April,21,65,6.5,120,NA,NA,1 AM,8,Instagram,iPhone,NA,NA,NA,NA,NA,NA,NA,NA,NA,NA,public school,20,No,Yes,2,90,40,No,100,60,No,NA,NA,NA,Blue,7,7,14,NA,7,100,30,1,NA,NA,NA,4,NA,0,5,Yes,70,Yes,No,No,50,Pancakes,tea,Cats,snow,Yes!,NA,4,2,NA,NA,Spring,right-handed,90,4,PHI201,Professor Dondero,80
2024-09-09 16:07:10 UTC,SML 201,No,Junior,18,Neuroscience,Mathey,3.3,Female,15,October,20,61,6.5,190,2000,5,12 midnight,6.5,Instagram,iPhone,"Boston Red Sox,New York Yankees,San Diego Padres,San Franciso Giants",San Francisco 49ers,"Charlotte Hornets,Chicago Bulls,Los Angeles Lakers,Philadelphia 76ers",Carolina Hurricanes,79,50,3,75,50,85,charter school,35,No,Yes,2.5,80,75,No,70,39,No,76,50,40,purple,3,7,14,5,4,100,57,3,Legally Blonde,89,65,4,1450,90,10,Yes,70,Yes,Yes,Yes,90,Waffles,tea,Cats,snow,Yes!,70,1.5,2,Spiderman,Loki,Fall,right-handed,79,4, GLS 320,Dannelle Gutarra Cordero,89
2024-09-02 15:21:24 UTC,SML 201,No,Sophomore,9,Molecular Biology,Whitman,3.7,Female,6,August,19,62,6.5,125,2000,4,12 midnight,7,"Instagram,Pinterest",iPhone,New York Mets,New York Giants,New York Knicks,"New Jersey Devils,New York Islanders",20,60,0,90,90,50,religious institution,70,No,Yes,1.8,80,80,No,100,70,No,70,50,50,Blue,13,7,14,7,7,100,50,0,The Greatest Showman,10,70,4,1440,25,20,Yes,30,Yes,No,No,98,Waffles,tea,Dogs,ocean,No!,90,1,2,Spiderman,Loki,Summer,right-handed,70,3,SPA 103,Amina Shabani,70
2024-09-06 13:44:54 UTC,SML 201,Yes: AP Statistics,Junior,17,Neuroscience,Yeh College,3.1,Female,12,May,20,63,6.5,120,1800,3,12 midnight,6,"Instagram,LinkedIn,Pinterest",iPhone,NA,Denver Broncos,NA,NA,30,20,1,80,75,50,public school,50,No,No,3,90,75,No,75,50,No,75,60,50,"Green, blue, or red depending on my mood!",10,5,14,0,4,75,60,1,NA,25,50,4,NA,60,NA,Yes,25,Yes,No,Yes,80,Waffles,coffee,Dogs,snow,tolerable,NA,NA,NA,NA,NA,NA,left-handed,NA,NA,NA,RPL,NA
2024-09-04 03:42:45 UTC,SML 201,No,Sophomore,8,Molecular Biology,Butler,3.65,Female,5,March,19,60,5,115,2500,4,1 AM,6,Instagram,iPhone,NA,New York Giants,"Brooklyn Nets,Golden State Warriors,New York Knicks",Vancouver Canucks,35,60,2,80,70,90,public school,50,No,Yes,2.5,70,60,No,80,30,No,60,40,20,Purple,23,7,14,2,2,100,20,0,Toy Story 3,60,60,4,15560,40,7,No,60,Yes,Yes,Yes,90,Pancakes,coffee,Dogs,ocean,Yes!,90,3,3,SpiderMan,Maleficent ,Spring,right-handed,70,5,FRS127,Professor Penelope Georges,80
2024-09-04 19:29:18 UTC,SML 201,Yes: AP Statistics,Sophomore,9,Molecular Biology,Butler,3.6,Female,15,January,18,61,8,164,2000,2.5,11 PM,6,Instagram,iPhone,Philadelphia Phillies,Philadelphia Eagles,Philadelphia 76ers,Philadelphia Flyers,30,80,0,95,90,60,public school,45,No,No,1.5,75,50,No,95,80,No,85,60,70,Purple,5,7,14,2,1,80,75,2,Divergent,60,80,3.9,1480,50,7,Yes,50,Yes,No,Yes,90,Pancakes,tea,Dogs,snow,Yes!,80,2,1,Spiderman,O'Hare from the Lorax,Winter,right-handed,75,3,FRS 108,Dr. Bill Gleason,35
2024-09-03 14:30:06 UTC,SML 201,Yes: AP Statistics,Sophomore,9,Princeton School of Public and International Affairs,Mathey,4,Female,6,October,18,70,10,170,1200,6,12 midnight,7,Instagram,iPhone,New York Yankees,Carolina Panthers,Golden State Warriors,Detroit Red Wings,20,90,0,70,75,49,public school,50,No,Yes,2.5,85,85,Yes: sports club,80,65,Yes,85,92,85,Purple,8,8,14,5,0,100,75,1,The Greatest Showman,35,85,4,1440,70,12,Yes,60,Yes,No,Yes,95,Pancakes,coffee,Dogs,ocean,Yes!,80,3,3,Spiderman,Swiper,Fall,right-handed,85,3,WRI 116,Dr. DiGiorgio,79
2024-09-02 23:30:44 UTC,SML 201,No,Junior,17,Molecular Biology,Forbes,3.02,Female,12,December,20,62,8,150,2000,4,10 PM,7.5,LinkedIn,Android,San Franciso Giants,"Kansas City Chiefs,San Francisco 49ers",Los Angeles Lakers,Florida Panthers,100,100,0,98,100,90,public school,10,No,Yes,3,78,89,No,100,75,Yes,85,85,75,Turquoise,3,7,14,14,7,100,85,8,Surprised by Oxford,65,95,4.3,1500,65,10,No,0,Yes,Yes,Yes,100,Waffles,tea,Cats,ocean,tolerable,75,0,3,Black Widow,Loki,Winter,right-handed,75,3,CWR 201,Professor Graham,50
2024-09-06 00:08:58 UTC,SML 201,Yes: AP Statistics,Junior,16,Neuroscience,Mathey,3.342,Female,25,June,20,65,6,160,NA,4,11 PM,7,"Facebook,Instagram",iPhone,Los Angeles Dodgers,"New York Giants,San Francisco 49ers",NA,New York Rangers,0,10,4,75,80,80,public school,20,No,No,2,85,70,No,20,70,Yes,75,75,60,light blue,23,5,13,1,5,0,85,3,NA,20,90,4,1510,50,30,Yes,0,Yes,Yes,Yes,80,Waffles,coffee,Dogs,ocean,No!,60,1,3,NA,NA,Fall,right-handed,80,5,NEU 260,Asif Ghazanfar,95
2024-09-03 23:59:39 UTC,SML 201,Yes: AP Statistics,Senior,28,Computer Science,Mathey,3.7,Female,40,June,21,64,7,118,NA,0,12 midnight,7,"Instagram,LinkedIn",iPhone,NA,NA,NA,NA,NA,NA,0,80,NA,40,public school,60,No,Yes,3.5,90,50,No,70,NA,No,30,40,50,NA,13,7,14,3,7,0,NA,3,NA,NA,70,NA,NA,0,3,No,30,Yes,Yes,No,90,Pancakes,tea,Cats,ocean,NA,80,3,2,NA,NA,Spring,right-handed,90,4,NA,NA,80
2024-09-02 16:47:16 UTC,SML 201,Yes: AP Statistics,Sophomore,9,Computer Science,Forbes,3.75,Female,10,August,19,63,9,110,1800,10,1 AM,8,"Instagram,LinkedIn,Twitter (X)",Android,Baltimore Orioles,Baltimore Ravens,Boston Celtics,Washington Capitals,25,15,2,80,51,15,public school,85,No,No,3.5,90,70,Yes: sports club,80,60,Yes,88,80,70,Red,22,7,14,0.5,2.5,40,40,1,Crazy Rich Asians,30,40,4,1570,40,50,Yes,1,Yes,Yes,Yes,100,Waffles,(neither),Dogs,ocean,No!,75,6,3,Spiderman,Dr. Doofenshmirtz,Summer,right-handed,90,6,LIN201,Claire Gmachl,100
2024-09-04 00:43:13 UTC,SML 201,No,Junior,16,Molecular Biology,Rockefeller,NA,Female,NA,October,20,63,6,120,NA,NA,1 AM,NA,"Instagram,Pinterest,Tumblr",iPhone,NA,Philadelphia Eagles,NA,NA,35,20,0,40,25,80,religious institution,60,No,Yes,2.4,40,50,No,0,60,No,45,35,35,Blue,3,7,14,7,3,100,0,1,n/a,60,40,NA,NA,25,25,Yes,78,Yes,No,Yes,50,Waffles,tea,NA,ocean,tolerable,NA,NA,2,NA,Loki,NA,right-handed,40,3,NA,NA,5
2024-09-03 03:15:36 UTC,SML 201,Yes: AP Statistics,Junior,18,Neuroscience,Rockefeller,3.905,Female,15,March,20,61,7,130,1000,3,12 midnight,6,Instagram,iPhone,"Texas Rangers,Toronto Blue Jays",Buffalo Bills,"Golden State Warriors,New York Knicks",Buffalo Sabres,33,88,2,80,50,75,public school,75,No,No,2,60,90,No,99,30,No,80,90,70,purple,3,5,14,7,3,0,90,1,Polar Express,20,80,99.2,1520,80,25,No,40,Yes,No,Yes,90,Waffles,coffee,Dogs,ocean,Yes!,90,1,3,Jack-Jack from The Incredibles,Megamind,Summer,right-handed,60,3,PSY 337,Ksenia Chizhova,70
2024-09-03 20:12:35 UTC,SML 201,No,Junior,18,Molecular Biology,Mathey,3.911,Male,25,April,20,70,9.5,130,2100,8,1 AM,7,Instagram,iPhone,Boston Red Sox,New England Patriots,"Boston Celtics,Utah Jazz","Boston Bruins,Vancouver Canucks",13,1,0,78,86,25,private school,90,Yes,No,2,90,80,No,76,75,Yes,80,75,75,Lavender,8,7,14,0.01,4,60,70,1,Rango,25,80,10.85,1590,50,50,Yes,0,Yes,No,Yes,90,Pancakes,tea,Cats,snow,tolerable,70,1,4,Doctor Strange,Polka-Dot Man,Winter,right-handed,90,4,MOL 342,Professor Christopher Hailey,95
2024-09-02 15:44:02 UTC,SML 201,Yes: AP Statistics,Senior,31,Neuroscience,Yeh College,3.737,Male,15,October,20,66,7,120,500,5,1 AM,6.5,"Instagram,Twitter (X)",iPhone,New York Mets,"New York Giants,New York Jets",New York Knicks,New Jersey Devils,25,80,5,85,75,20,public school,100,No,No,5,100,80,No,100,20,No,65,65,65,Purple,42,9,15,5,3,75,90,1,Bhool Bhulaiyaa,55,75,4.88,1470,85,5,Yes,55,Yes,Yes,Yes,90,Pancakes,coffee,Cats,snow,No!,60,15,5,Spiderman,Doctor Doom,Fall,right-handed,100,9,NEU 314,"Nataliya Yanchevskaya

Lindsay Collins",100
2024-09-02 23:08:44 UTC,SML 201,No,Sophomore,12,Computer Science,Whitman,3.4,Female,30,November,18,62,8,135,1700,2,2 AM,7,Instagram,iPhone,New York Mets,San Francisco 49ers,Boston Celtics,New York Islanders,10,25,4,75,10,50,public school,0,Yes,Yes,2.5,75,70,Yes: intramural team,90,10,No,75,70,50,purple,69,6,14,7,3,100,50,1,Scott Pilgrim vs. the World,50,60,99,1370,10,40,Yes,60,Yes,Yes,Yes,80,Waffles,coffee,Cats,snow,tolerable,70,3,1,Spiderman,Harley Quinn,Winter,right-handed,75,4,VIS 204,Claire Gmachl,90
2024-09-05 17:46:42 UTC,SML 201,No,Sophomore,10,Princeton School of Public and International Affairs,Mathey,NA,Female,NA,March,19,66,7,120,NA,NA,2 AM,6,"Instagram,Twitter (X)",iPhone,NA,NA,NA,NA,NA,5,6,80,80,50,public school,50,Yes,No,1.6,90,75,Yes: sports club,80,NA,No,80,80,80,Blue,NA,NA,NA,NA,NA,100,75,1,NA,NA,NA,NA,NA,65,NA,Yes,80,Yes,Yes,Yes,96,Waffles,tea,Cats,ocean,tolerable,80,NA,3,Iron Man,NA,Spring,right-handed,NA,NA,NA,NA,80
2024-09-06 03:01:01 UTC,SML 201,Yes: AP Statistics,Sophomore,10,Computer Science,New College West,3.48,Male,25,November,19,70,9.5,200,2200,14,12 midnight,8,NA,Android,NA,NA,NA,NA,50,10,0,80,70,0,public school,80,No,No,1,100,100,Yes: sports club,100,90,Yes,80,80,70,Blue,11,10,14,7,10,50,70,1,Gamera 3: Revenge of Iris,0,60,NA,1560,50,15,No,60,Yes,No,Yes,90,Waffles,tea,Dogs,snow,No!,100,0,3,Batman,Megamind,Winter,right-handed,100,4,EGR 151,Claire Gmachl,100
2024-09-04 02:56:13 UTC,SML 201,No,Junior,19,other,New College West,3.51,Female,45,April,20,66,7,130,NA,5,3 AM,5,Instagram,iPhone,Chicago Cubs,Chicago Bears,Chicago Bulls,Chicago Blackhawks,40,50,1,70,70,30,public school,20,No,No,2.75,100,90,No,60,60,Yes,70,60,60,olive green,7,7,14,2,5,0,60,1,Howl's Moving Castle,30,60,3.99,1590,70,20,Yes,55,Yes,No,Yes,80,Waffles,tea,Dogs,snow,tolerable,80,2,3,my grandma,Maleficent,Spring,right-handed,100,4,HIS 270,Agustin Fuentes,100
2024-09-06 14:37:19 UTC,SML 201,No,Junior,18,Molecular Biology,Whitman,3.25,Female,15,December,19,59,5,115,1700,4,11 PM,9,"Instagram,Pinterest",iPhone,New York Yankees,Buffalo Bills,New York Knicks,Pittsburgh Penguins,32,20,0,87,77,60,public school,19,No,No,1,70,80,Yes: sports club,40,60,Yes,75,60,60,Navy Blue,11,4,14,4,3,90,100,1,The Truman Show,17,60,98,1510,90,17,Yes,0,Yes,Yes,Yes,90,Waffles,coffee,Cats,ocean,tolerable,95,2,3,Spider-Man,Megamind,Fall,right-handed,70,5,ART228,Karin McDonald,90
2024-09-04 15:51:13 UTC,SML 201,Yes: AP Statistics,Junior,17,Anthropology,Mathey,3.78,Female,20,August,21,65,10,194,2000,2,12 midnight,8,"Instagram,LinkedIn,Pinterest,Tumblr,Twitter (X)",iPhone,NA,NA,NA,NA,NA,NA,3,70,80,60,public school,30,Yes,Yes,1.5,80,65,No,60,70,Yes,70,NA,NA,Red,6,5,7,2,1,90,70,2,Coraline,60,75,4,1370,30,5,Yes,80,No,Yes,Yes,95,Waffles,tea,Cats,ocean,Yes!,70,10,1,Spider-Man,NA,Summer,left-handed,80,4,DAN 215,Professor Beth Semel,85
2024-09-09 02:25:47 UTC,SML 201,Yes: a (non-AP) Statistics course in high school,Sophomore,11,Computer Science,Butler,2.8,Female,4,January,20,62,5.5,80,365,1,12 midnight,8,Instagram,iPhone,Chicago Cubs,Chicago Bears,Chicago Bulls,Chicago Blackhawks,100,70,0,90,90,80,charter school,30,No,Yes,2,90,60,No,50,80,No,100,0,50,Mint green,3,7,14,0,7,100,0,2,Baby's Day Out,80,70,4.56,1320,60,10,Yes,90,Yes,Yes,No,50,Waffles,tea,Cats,ocean,No!,80,8,3,Superman,The joker,Spring,left-handed,90,4,International relations,Claire Gmachl,95
2024-09-04 22:52:05 UTC,SML 201,No,Sophomore,8,Ecology and Evolutionary Biology,Yeh College,3.212,Female,20,August,19,62,7,144,1600,10,12 midnight,7,Instagram,iPhone,"Cincinnati Reds,Washington Nationals",Baltimore Ravens,"Golden State Warriors,Los Angeles Lakers",NA,0,80,2,60,65,50,private school,65,No,No,1,70,70,No,75,80,Yes,75,85,80,Blue,3,9,14,2,1,80,75,1,NA,25,45,3.9,NA,40,12,Yes,55,Yes,Yes,Yes,80,Pancakes,tea,Dogs,ocean,tolerable,55,3,2,Black Panther,Loki,Spring,right-handed,70,5,FRS 129,Craig Marshall,60
2024-09-02 20:42:10 UTC,SML 201,No,Sophomore,11,Computer Science,Rockefeller,3.13,Female,30,April,19,60,5.5,120,1500,2,2 AM,3,"Instagram,LinkedIn,Twitter (X)",iPhone,NA,NA,NA,NA,40,60,1,65,80,50,public school,25,No,Yes,2,95,75,No,20,100,Yes,45,60,55,red,14,7,14,14,3,100,50,0,NA,65,70,4,1370,15,10,Yes,0,Yes,Yes,Yes,95,Pancakes,coffee,Cats,ocean,No!,80,15,2,NA,NA,Spring,right-handed,90,4,COS 126,Professor Mahklouf,88
2024-09-03 02:25:48 UTC,SML 201,Yes: AP Statistics,Junior,19,Computer Science,New College West,3.47,Female,35,September,20,63,7.5,127,NA,7,12 midnight,8,"Instagram,LinkedIn",iPhone,NA,NA,NA,NA,30,20,0,NA,NA,NA,public school,0,No,No,2,NA,NA,No,NA,NA,Yes,NA,NA,NA,NA,NA,5,14,NA,4,NA,NA,1,NA,NA,NA,4,NA,NA,NA,Yes,NA,Yes,Yes,Yes,NA,NA,coffee,Dogs,ocean,tolerable,NA,NA,NA,NA,NA,Spring,right-handed,NA,NA,NA,NA,NA
2024-09-05 11:30:48 UTC,SML 201,No,Junior,17,Neuroscience,Whitman,3.626,Male,25,July,21,68,10,NA,NA,3,12 midnight,5,Twitter (X),iPhone,NA,NA,NA,NA,15,65,5,75,50,99,public school,45,Yes,Yes,2.7,82,60,No,70,35,No,55,55,45,red,19,13,14,14,3,100,70,8,Tangled,65,85,4,1540,55,8,Yes,0,Yes,Yes,Yes,85,Waffles,coffee,Dogs,ocean,tolerable,60,5,3,Black widow,Harley Quinn,Summer,right-handed,82,3,LAO 265,Keishla Rivera-Lopez,50
2024-09-02 18:12:59 UTC,SML 201,Yes: AP Statistics,Junior,19,Operations Research and Financial Engineering,Butler,3.88,Male,35,June,20,74,14,190,2700,15,2 AM,7,"Instagram,LinkedIn",iPhone,Philadelphia Phillies,Philadelphia Eagles,Philadelphia 76ers,Philadelphia Flyers,60,5,0,85,85,0,public school,50,Yes,No,1,90,90,Yes: sports club,90,50,No,80,90,75,Blue,35,7,12,7,6,99,80,1,Project X,30,20,4,1560,40,40,Yes,0,Yes,Yes,Yes,75,Pancakes,(neither),Dogs,snow,tolerable,90,2,1,Batman,Homelander,Winter,right-handed,99,3,CLA219,Alex Dytso,100
2024-09-03 16:15:50 UTC,SML 201,No,Junior,18,other,Butler,3.533,Male,8,January,20,71,10.5,165,3600,8,11 PM,7,Instagram,iPhone,Baltimore Orioles,Carolina Panthers,Oklahoma City Thunder,Carolina Hurricanes,90,100,0,60,80,20,private school,80,No,No,1.1,100,100,Yes: sports club,100,20,Yes,90,30,30,blue,82,14,14,0,14,50,50,2,Arrival,0,80,4.2,0,75,40,No,0,Yes,No,Yes,70,Waffles,coffee,Dogs,ocean,Yes!,80,0.2,3,iron man,idk,Fall,right-handed,100,5,PHI 201,Howard Stone,100
2024-09-05 01:03:53 UTC,SML 201,No,Sophomore,8,Molecular Biology,Butler,3.416,Female,35,January,19,62,7.5,130,2000,8,1 AM,6,Instagram,Android,NA,NA,NA,NA,50,87,0,90,90,80,public school,40,No,Yes,3.7,90,70,No,70,50,Yes,85,72,79,Purple,7,12,14,14,2,60,70,1,NA,10,90,3.92,1410,70,6,Yes,10,Yes,Yes,No,80,Waffles,coffee,Dogs,snow,No!,80,9,3,Captain America,Loki,Winter,right-handed,80,6,#NEU 200: Functional Neuroanatomy,Dr. Karin McDonald,95
2024-09-06 01:45:50 UTC,SML 201,Yes: AP Statistics,Sophomore,9,Computer Science,Yeh College,3.56,Male,15,January,19,72,11.5,159,1500,4,11 PM,8,Instagram,iPhone,Texas Rangers,Dallas Cowboys,Dallas Mavericks,Dallas Stars,20,90,0,90,80,30,public school,50,No,No,1.8,90,90,Yes: intramural team,100,100,No,90,80,80,Purple,11,5,12,0,5,60,60,2,Joker,20,70,4,1410,50,15,Yes,30,Yes,Yes,Yes,80,Waffles,tea,Dogs,ocean,No!,80,4,3,Batman,Joker,Fall,right-handed,90,3,COS 126,Rish,90
2024-09-02 23:49:14 UTC,SML 201,No,Junior,17,Computer Science,Yeh College,3.711,Male,25,December,20,65,7,108,1700,2,1 AM,7,Instagram,Android,NA,NA,NA,NA,60,80,0,75,80,20,public school,45,No,Yes,1.8,85,60,No,40,20,Yes,78,75,60,Lilac,19,7,14,2,5,100,60,1,Kung Fu Panda 2,5,40,3.9,1500,5,20,Yes,70,Yes,Yes,No,85,Waffles,coffee,Dogs,ocean,Yes!,65,3,1,Iron Man,Twice,Fall,right-handed,85,4,COS126,Shruthi Santhanam - COS126,100
2024-09-03 01:13:42 UTC,SML 201,Yes: AP Statistics,Sophomore,9,Psychology,Butler,3.677,Female,27,October,18,67,9,190,2400,6,2 AM,6.5,"Instagram,Twitter (X)",iPhone,NA,"Cincinnati Bengals,Kansas City Chiefs",NA,New York Islanders,35,90,0,70,70,80,public school,80,No,Yes,2.2,80,85,Yes: sports club,90,30,Yes,60,70,60,blue,4,5,14,7,5,50,70,2,Pride and Prejudice (2005),40,85,4,1510,60,30,Yes,40,Yes,Yes,Yes,80,Waffles,(neither),Cats,snow,Yes!,70,3,3,Batman,Joker,Fall,right-handed,80,5,PSY 254,Casey Lew-Williams,70
2024-09-04 01:30:39 UTC,SML 201,No,Sophomore,9,Molecular Biology,Mathey,3.77,Male,35,December,19,70,9,173,3000,5,2 AM,6,Instagram,Android,Los Angeles Angels,San Francisco 49ers,Los Angeles Lakers,Detroit Red Wings,40,85,0,90,70,85,public school,50,No,Yes,2.5,95,85,No,85,80,No,87,80,75,Green,7,7,7,7,14,85,70,1,Dunkirk,10,80,4,1420,40,10,No,0,Yes,No,Yes,100,Pancakes,tea,Cats,ocean,tolerable,85,2,2,Batman,Darkseid,Fall,right-handed,80,2,Spanish 107,Professor Chiaramonte,100
2024-09-06 19:42:31 UTC,SML 201,Yes: AP Statistics,Junior,12,Economics,Forbes,3.6,Female,35,August,20,60,6,97,NA,3,1 AM,7,"Facebook,Instagram,LinkedIn",iPhone,NA,NA,NA,NA,50,10,1,40,30,50,charter school,30,No,Yes,2.3,80,30,No,100,30,No,40,40,NA,muted colors,NA,7,14,13,7,90,60,1,NA,40,80,4,1510,70,3,Yes,0,Yes,Yes,Yes,80,Waffles,(neither),Dogs,snow,No!,40,3,2,NA,Joe (from You),Winter,right-handed,70,4,CHI 107,Henry Zhao,80
2024-09-04 03:25:13 UTC,SML 201,Yes: AP Statistics,Sophomore,9,Chemistry,Forbes,3.837,Female,20,June,19,65,7.5,NA,NA,7.5,1 AM,5,"Instagram,LinkedIn",iPhone,New York Mets,New York Jets,NA,NA,20,95,0,70,40,80,private school,10,No,No,3,90,100,No,70,70,No,80,60,50,blue,3,4,14,7,4,100,80,2,inception,0,50,4,1560,80,100,Yes,0,Yes,No,Yes,95,Waffles,coffee,Cats,ocean,tolerable,100,5,5,supergirl,NA,Spring,right-handed,80,2,A Perfect Cup of Coffee,Brendan Sperling,95
2024-09-03 15:26:40 UTC,SML 201,No,Sophomore,10,Computer Science,Whitman,3.94,Male,20,December,19,70.5,10.5,165,2500,6,12 midnight,8,"Instagram,LinkedIn",iPhone,New York Mets,Houston Texas,"Houston Rockets,Oklahoma City Thunder,Toronto Raptors",Philadelphia Flyers,20,0,0,80,50,50,public school,50,No,No,1.8,100,80,Yes: intramural team,80,80,No,70,50,50,Green,0,7,14,7,7,30,0,1,Bladerunner,20,50,4.8,1590,50,30,Yes,40,Yes,No,Yes,95,Pancakes,tea,Dogs,ocean,Yes!,90,2,4,Batman,The Joker,Spring,right-handed,100,2,PHY 104,Professor Page,80
2024-09-02 22:54:39 UTC,SML 201,No,Junior,18,Molecular Biology,Rockefeller,3.1,Male,36,July,20,65,8,142,1900,7,1 AM,8,"Instagram,Twitter (X)",iPhone,Miami Marlins,Dallas Cowboys,Miami Heat,Florida Panthers,0,60,6,85,90,90,public school,25,No,Yes,2.5,100,50,No,50,0,No,70,50,60,black,27,8,14,14,2,100,75,3,Jurassic Park ,50,75,3.96,NA,10,10,Yes,20,Yes,No,No,70,Pancakes,coffee,Cats,ocean,tolerable,70,2,1,mrs. incredible,maleficent ,Winter,right-handed,100,4,VIS 201,Lex Brown,99
2024-09-03 14:36:45 UTC,SML 201,No,Sophomore,8,Molecular Biology,New College West,3.925,Female,8,June,19,63,9,115,2000,0,11 PM,9,"Instagram,LinkedIn,Pinterest,Twitter (X)",iPhone,"Arizona Diamondbacks,Toronto Blue Jays",Arizona Cardinals,"Phoenix Suns,Toronto Raptors","Arizona Coyotes,Toronto Maple Leafs",20,0,1,90,85,5,charter school,75,No,No,2.6,95,80,No,75,85,No,90,85,90,Blue,18,7,14,4,3,0,60,1,Your Place or Mine,20,50,4,1600,50,20,Yes,30,Yes,No,Yes,95,Waffles,tea,Dogs,ocean,Yes!,85,2,5,Spider-man,Hela,Fall,right-handed,95,4,MOL214,Professor Meyers,30
2024-09-04 06:13:24 UTC,SML 201,NA,NA,NA,other,NA,NA,NA,NA,NA,NA,NA,NA,NA,NA,NA,NA,NA,NA,NA,NA,NA,NA,NA,NA,NA,NA,NA,NA,NA,NA,NA,NA,NA,NA,NA,NA,NA,NA,NA,NA,NA,NA,NA,NA,NA,NA,NA,NA,NA,NA,NA,NA,NA,NA,NA,NA,NA,NA,NA,NA,NA,NA,NA,NA,NA,NA,NA,NA,NA,NA,NA,NA,NA,NA,NA,NA,NA,NA,NA,NA,NA,NA
2024-09-06 03:10:43 UTC,SML 201,Yes: AP Statistics,Sophomore,10,Economics,Butler,3.6,Male,15,March,20,65,8.5,142,2000,7,1 AM,6,"Instagram,LinkedIn",iPhone,Los Angeles Dodgers,New Orleans Saints,Golden State Warriors,Boston Bruins,30,50,0,75,50,65,public school,35,No,Yes,2.4,90,50,Yes: intramural team,70,20,Yes,80,60,65,BLUE,8,7,14,6,7,75,60,1,"Everything, Everywhere, All at Once",65,70,3.98,1500,75,20,Yes,60,Yes,Yes,Yes,99,Waffles,tea,Cats,ocean,tolerable,36,2.5,3,Deadpool,ebenezer scrooge,Spring,right-handed,80,4,FRS 175,Xinyue Huang,80
2024-09-02 15:08:53 UTC,SML 201,Yes: AP Statistics,Sophomore,8,other,Rockefeller,3.8875,Male,30,July,19,71,10.5,162,2000,3,1 AM,7,"Facebook,Instagram",iPhone,Washington Nationals,Philadelphia Eagles,Washington Wizards,Washington Capitals,30,50,0,80,100,50,public school,63,No,No,2.8,100,95,No,55,60,Yes,83,94,65,Purple,3,4,10,7,3,0,70,3,Deadpool,76,67,4,1560,42,15,Yes,20,Yes,Yes,Yes,100,Pancakes,coffee,Dogs,snow,No!,100,1,3,Black Widow,Homelander,Fall,right-handed,100,4,LAT205,Professor Emmanuel Bourbouhakis,100
2024-09-11 19:18:42 UTC,SML 201,No,Junior,19,Politics,Mathey,3.433,Female,30,March,20,65,7.5,150,1800,7,11 PM,8,"Instagram,LinkedIn",iPhone,NA,NA,Los Angeles Lakers,"Nashville Predators,New Jersey Devils,Philadelphia Flyers",40,80,0,70,70,70,public school,50,No,Yes,2,95,70,No,40,85,Yes,85,85,80,pink,12,7,7,0,1,0,90,5,Prisoners,65,75,4.4,1440,90,5,No,0,Yes,Yes,Yes,99,Waffles,tea,Dogs,snow,Yes!,80,3,3,batman,joker,Winter,right-handed,95,2,POL 388,Professor BJ Perlmutt,100
2024-09-04 02:58:59 UTC,SML 201,Yes: AP Statistics,Sophomore,8,Princeton School of Public and International Affairs,Mathey,3.8,Male,25,August,19,72,10,155,2000,6,1 AM,7,"Instagram,Twitter (X)",iPhone,New York Yankees,Washington Redskins,New York Knicks,New York Rangers,30,85,1,99,60,50,private school,70,No,No,1.1,100,100,Yes: sports club,100,40,Yes,90,90,77,Red,24324,7,14,7,4,0,60,1,7 days in hell,10,30,3.95,1530,60,100,Yes,0,Yes,Yes,Yes,95,Pancakes,tea,Cats,snow,Yes!,100,1.5,3,"Comics: spiderman

movies: captain america",Doctor Doom,Summer,right-handed,100,2,eco101,Henry Zhao,100
2024-09-04 22:41:37 UTC,SML 201,Yes: AP Statistics,Sophomore,8,Ecology and Evolutionary Biology,Whitman,3.833,Female,15,November,18,63,7,112,1500,3,12 midnight,8,Instagram,iPhone,NA,Buffalo Bills,NA,Buffalo Sabres,30,0,0,75,90,65,public school,40,No,Yes,2.3,95,80,No,68,45,No,80,33,60,Turquoise,57,5,14,14,4,100,70,1,A Dog's Journey,20,70,3.9,1430,30,5,No,0,Yes,Yes,Yes,100,Pancakes,(neither),Dogs,snow,tolerable,80,2,2,Batman,Darth Vader,Fall,right-handed,95,4,EEB211,Susie Kim (Korean lecturer),99
2024-09-06 05:09:24 UTC,SML 201,Yes: a statistics course at another college,Senior,26,Politics,Mathey,3.4,Male,6,October,NA,69,8.5,180,2500,14,1 AM,6,"Facebook,Instagram,LinkedIn",Android,"Los Angeles Angels,Los Angeles Dodgers",Arizona Cardinals,Phoenix Suns,NA,45,40,0,66,66,66,public school,33,Yes,Yes,2.2,80,50,No,80,75,Yes,33,85,75,Red,7,9,16,7,12,70,40,2,GATTACA,70,33,2.3,1440,40,12,Yes,20,Yes,No,Yes,90,Pancakes,(neither),Cats,snow,Yes!,70,2,4,Captain America,Loki,Fall,right-handed,85,4,EGR 494 - Leadership Development for Business,Dennis Strigl,50
2024-09-02 16:48:04 UTC,SML 201,Yes: AP Statistics,Sophomore,11,Computer Science,Forbes,3.67,Female,12,December,19,65,8,105,1800,8,12 midnight,7,"Instagram,LinkedIn",iPhone,San Franciso Giants,San Francisco 49ers,"Boston Celtics,Golden State Warriors",San Jose Sharks,10,0,0,80,60,50,public school,30,No,Yes,1.5,70,60,No,60,40,Yes,70,70,60,Lavender,4,7,14,7,3,70,70,1,Pride and Prejudice (2005),50,60,4,NA,40,20,Yes,50,Yes,No,Yes,100,Pancakes,tea,Dogs,snow,No!,70,5,2,Dr. Strange,Thanos,Fall,left-handed,70,4,FRS172,David Villalobos,100
2024-09-03 17:31:20 UTC,SML 201,No,Junior,17,Molecular Biology,Whitman,3.96,Female,20,January,20,62,6.5,125,NA,2,12 midnight,8.5,Instagram,iPhone,New York Mets,New York Giants,New York Knicks,New York Rangers,20,20,2,25,80,60,private school,90,No,No,1.3,90,60,No,90,40,No,40,70,NA,blue,12,4,14,NA,4,0,80,1,The Sound of Music,80,95,4,NA,40,15,Yes,20,Yes,No,Yes,100,Pancakes,coffee,Dogs,ocean,No!,40,1,2,NA,NA,Spring,left-handed,90,2,PSY 254,Dr. Casey Lew-Williams,80
