"Program","Year","Period","Week Ending","Geo Level","State","State ANSI","Ag District","Ag District Code","County","County ANSI","Zip Code","Region","watershed_code","Watershed","Commodity","Data Item","Domain","Domain Category","Value","CV (%)"
"SURVEY","2023","MARKETING YEAR","","STATE","ALABAMA","01","","","","","","","00000000","","HONEY","HONEY, BEE COLONIES - INVENTORY, MEASURED IN COLONIES","TOTAL","NOT SPECIFIED","10,000",""
"SURVEY","2023","MARKETING YEAR","","STATE","ARIZONA","04","","","","","","","00000000","","HONEY","HONEY, BEE COLONIES - INVENTORY, MEASURED IN COLONIES","TOTAL","NOT SPECIFIED","34,000",""
"SURVEY","2023","MARKETING YEAR","","STATE","ARKANSAS","05","","","","","","","00000000","","HONEY","HONEY, BEE COLONIES - INVENTORY, MEASURED IN COLONIES","TOTAL","NOT SPECIFIED","19,000",""
"SURVEY","2023","MARKETING YEAR","","STATE","CALIFORNIA","06","","","","","","","00000000","","HONEY","HONEY, BEE COLONIES - INVENTORY, MEASURED IN COLONIES","TOTAL","NOT SPECIFIED","324,000",""
"SURVEY","2023","MARKETING YEAR","","STATE","COLORADO","08","","","","","","","00000000","","HONEY","HONEY, BEE COLONIES - INVENTORY, MEASURED IN COLONIES","TOTAL","NOT SPECIFIED","25,000",""
"SURVEY","2023","MARKETING YEAR","","STATE","FLORIDA","12","","","","","","","00000000","","HONEY","HONEY, BEE COLONIES - INVENTORY, MEASURED IN COLONIES","TOTAL","NOT SPECIFIED","147,000",""
"SURVEY","2023","MARKETING YEAR","","STATE","GEORGIA","13","","","","","","","00000000","","HONEY","HONEY, BEE COLONIES - INVENTORY, MEASURED IN COLONIES","TOTAL","NOT SPECIFIED","77,000",""
"SURVEY","2023","MARKETING YEAR","","STATE","IDAHO","16","","","","","","","00000000","","HONEY","HONEY, BEE COLONIES - INVENTORY, MEASURED IN COLONIES","TOTAL","NOT SPECIFIED","92,000",""
"SURVEY","2023","MARKETING YEAR","","STATE","ILLINOIS","17","","","","","","","00000000","","HONEY","HONEY, BEE COLONIES - INVENTORY, MEASURED IN COLONIES","TOTAL","NOT SPECIFIED","9,000",""
"SURVEY","2023","MARKETING YEAR","","STATE","INDIANA","18","","","","","","","00000000","","HONEY","HONEY, BEE COLONIES - INVENTORY, MEASURED IN COLONIES","TOTAL","NOT SPECIFIED","9,000",""
"SURVEY","2023","MARKETING YEAR","","STATE","IOWA","19","","","","","","","00000000","","HONEY","HONEY, BEE COLONIES - INVENTORY, MEASURED IN COLONIES","TOTAL","NOT SPECIFIED","40,000",""
"SURVEY","2023","MARKETING YEAR","","STATE","KANSAS","20","","","","","","","00000000","","HONEY","HONEY, BEE COLONIES - INVENTORY, MEASURED IN COLONIES","TOTAL","NOT SPECIFIED","5,000",""
"SURVEY","2023","MARKETING YEAR","","STATE","KENTUCKY","21","","","","","","","00000000","","HONEY","HONEY, BEE COLONIES - INVENTORY, MEASURED IN COLONIES","TOTAL","NOT SPECIFIED","10,000",""
"SURVEY","2023","MARKETING YEAR","","STATE","LOUISIANA","22","","","","","","","00000000","","HONEY","HONEY, BEE COLONIES - INVENTORY, MEASURED IN COLONIES","TOTAL","NOT SPECIFIED","32,000",""
"SURVEY","2023","MARKETING YEAR","","STATE","MAINE","23","","","","","","","00000000","","HONEY","HONEY, BEE COLONIES - INVENTORY, MEASURED IN COLONIES","TOTAL","NOT SPECIFIED","12,000",""
"SURVEY","2023","MARKETING YEAR","","STATE","MICHIGAN","26","","","","","","","00000000","","HONEY","HONEY, BEE COLONIES - INVENTORY, MEASURED IN COLONIES","TOTAL","NOT SPECIFIED","70,000",""
"SURVEY","2023","MARKETING YEAR","","STATE","MINNESOTA","27","","","","","","","00000000","","HONEY","HONEY, BEE COLONIES - INVENTORY, MEASURED IN COLONIES","TOTAL","NOT SPECIFIED","106,000",""
"SURVEY","2023","MARKETING YEAR","","STATE","MISSISSIPPI","28","","","","","","","00000000","","HONEY","HONEY, BEE COLONIES - INVENTORY, MEASURED IN COLONIES","TOTAL","NOT SPECIFIED","19,000",""
"SURVEY","2023","MARKETING YEAR","","STATE","MISSOURI","29","","","","","","","00000000","","HONEY","HONEY, BEE COLONIES - INVENTORY, MEASURED IN COLONIES","TOTAL","NOT SPECIFIED","9,000",""
"SURVEY","2023","MARKETING YEAR","","STATE","MONTANA","30","","","","","","","00000000","","HONEY","HONEY, BEE COLONIES - INVENTORY, MEASURED IN COLONIES","TOTAL","NOT SPECIFIED","114,000",""
"SURVEY","2023","MARKETING YEAR","","STATE","NEBRASKA","31","","","","","","","00000000","","HONEY","HONEY, BEE COLONIES - INVENTORY, MEASURED IN COLONIES","TOTAL","NOT SPECIFIED","33,000",""
"SURVEY","2023","MARKETING YEAR","","STATE","NEW JERSEY","34","","","","","","","00000000","","HONEY","HONEY, BEE COLONIES - INVENTORY, MEASURED IN COLONIES","TOTAL","NOT SPECIFIED","15,000",""
"SURVEY","2023","MARKETING YEAR","","STATE","NEW YORK","36","","","","","","","00000000","","HONEY","HONEY, BEE COLONIES - INVENTORY, MEASURED IN COLONIES","TOTAL","NOT SPECIFIED","41,000",""
"SURVEY","2023","MARKETING YEAR","","STATE","NORTH CAROLINA","37","","","","","","","00000000","","HONEY","HONEY, BEE COLONIES - INVENTORY, MEASURED IN COLONIES","TOTAL","NOT SPECIFIED","11,000",""
"SURVEY","2023","MARKETING YEAR","","STATE","NORTH DAKOTA","38","","","","","","","00000000","","HONEY","HONEY, BEE COLONIES - INVENTORY, MEASURED IN COLONIES","TOTAL","NOT SPECIFIED","511,000",""
"SURVEY","2023","MARKETING YEAR","","STATE","OHIO","39","","","","","","","00000000","","HONEY","HONEY, BEE COLONIES - INVENTORY, MEASURED IN COLONIES","TOTAL","NOT SPECIFIED","20,000",""
"SURVEY","2023","MARKETING YEAR","","STATE","OREGON","41","","","","","","","00000000","","HONEY","HONEY, BEE COLONIES - INVENTORY, MEASURED IN COLONIES","TOTAL","NOT SPECIFIED","90,000",""
"SURVEY","2023","MARKETING YEAR","","STATE","OTHER STATES","","","","","","","","00000000","","HONEY","HONEY, BEE COLONIES - INVENTORY, MEASURED IN COLONIES","TOTAL","NOT SPECIFIED","46,000",""
"SURVEY","2023","MARKETING YEAR","","STATE","PENNSYLVANIA","42","","","","","","","00000000","","HONEY","HONEY, BEE COLONIES - INVENTORY, MEASURED IN COLONIES","TOTAL","NOT SPECIFIED","20,000",""
"SURVEY","2023","MARKETING YEAR","","STATE","SOUTH CAROLINA","45","","","","","","","00000000","","HONEY","HONEY, BEE COLONIES - INVENTORY, MEASURED IN COLONIES","TOTAL","NOT SPECIFIED","11,000",""
"SURVEY","2023","MARKETING YEAR","","STATE","SOUTH DAKOTA","46","","","","","","","00000000","","HONEY","HONEY, BEE COLONIES - INVENTORY, MEASURED IN COLONIES","TOTAL","NOT SPECIFIED","212,000",""
"SURVEY","2023","MARKETING YEAR","","STATE","TENNESSEE","47","","","","","","","00000000","","HONEY","HONEY, BEE COLONIES - INVENTORY, MEASURED IN COLONIES","TOTAL","NOT SPECIFIED","12,000",""
"SURVEY","2023","MARKETING YEAR","","STATE","TEXAS","48","","","","","","","00000000","","HONEY","HONEY, BEE COLONIES - INVENTORY, MEASURED IN COLONIES","TOTAL","NOT SPECIFIED","111,000",""
"SURVEY","2023","MARKETING YEAR","","STATE","UTAH","49","","","","","","","00000000","","HONEY","HONEY, BEE COLONIES - INVENTORY, MEASURED IN COLONIES","TOTAL","NOT SPECIFIED","24,000",""
"SURVEY","2023","MARKETING YEAR","","STATE","VERMONT","50","","","","","","","00000000","","HONEY","HONEY, BEE COLONIES - INVENTORY, MEASURED IN COLONIES","TOTAL","NOT SPECIFIED","6,000",""
"SURVEY","2023","MARKETING YEAR","","STATE","VIRGINIA","51","","","","","","","00000000","","HONEY","HONEY, BEE COLONIES - INVENTORY, MEASURED IN COLONIES","TOTAL","NOT SPECIFIED","5,000",""
"SURVEY","2023","MARKETING YEAR","","STATE","WASHINGTON","53","","","","","","","00000000","","HONEY","HONEY, BEE COLONIES - INVENTORY, MEASURED IN COLONIES","TOTAL","NOT SPECIFIED","83,000",""
"SURVEY","2023","MARKETING YEAR","","STATE","WEST VIRGINIA","54","","","","","","","00000000","","HONEY","HONEY, BEE COLONIES - INVENTORY, MEASURED IN COLONIES","TOTAL","NOT SPECIFIED","6,000",""
"SURVEY","2023","MARKETING YEAR","","STATE","WISCONSIN","55","","","","","","","00000000","","HONEY","HONEY, BEE COLONIES - INVENTORY, MEASURED IN COLONIES","TOTAL","NOT SPECIFIED","62,000",""
"SURVEY","2023","MARKETING YEAR","","STATE","WYOMING","56","","","","","","","00000000","","HONEY","HONEY, BEE COLONIES - INVENTORY, MEASURED IN COLONIES","TOTAL","NOT SPECIFIED","27,000",""
"SURVEY","2022","MARKETING YEAR","","STATE","ALABAMA","01","","","","","","","00000000","","HONEY","HONEY, BEE COLONIES - INVENTORY, MEASURED IN COLONIES","TOTAL","NOT SPECIFIED","10,000",""
"SURVEY","2022","MARKETING YEAR","","STATE","ARIZONA","04","","","","","","","00000000","","HONEY","HONEY, BEE COLONIES - INVENTORY, MEASURED IN COLONIES","TOTAL","NOT SPECIFIED","23,000",""
"SURVEY","2022","MARKETING YEAR","","STATE","ARKANSAS","05","","","","","","","00000000","","HONEY","HONEY, BEE COLONIES - INVENTORY, MEASURED IN COLONIES","TOTAL","NOT SPECIFIED","20,000",""
"SURVEY","2022","MARKETING YEAR","","STATE","CALIFORNIA","06","","","","","","","00000000","","HONEY","HONEY, BEE COLONIES - INVENTORY, MEASURED IN COLONIES","TOTAL","NOT SPECIFIED","305,000",""
"SURVEY","2022","MARKETING YEAR","","STATE","COLORADO","08","","","","","","","00000000","","HONEY","HONEY, BEE COLONIES - INVENTORY, MEASURED IN COLONIES","TOTAL","NOT SPECIFIED","31,000",""
"SURVEY","2022","MARKETING YEAR","","STATE","FLORIDA","12","","","","","","","00000000","","HONEY","HONEY, BEE COLONIES - INVENTORY, MEASURED IN COLONIES","TOTAL","NOT SPECIFIED","210,000",""
"SURVEY","2022","MARKETING YEAR","","STATE","GEORGIA","13","","","","","","","00000000","","HONEY","HONEY, BEE COLONIES - INVENTORY, MEASURED IN COLONIES","TOTAL","NOT SPECIFIED","103,000",""
"SURVEY","2022","MARKETING YEAR","","STATE","IDAHO","16","","","","","","","00000000","","HONEY","HONEY, BEE COLONIES - INVENTORY, MEASURED IN COLONIES","TOTAL","NOT SPECIFIED","94,000",""
"SURVEY","2022","MARKETING YEAR","","STATE","ILLINOIS","17","","","","","","","00000000","","HONEY","HONEY, BEE COLONIES - INVENTORY, MEASURED IN COLONIES","TOTAL","NOT SPECIFIED","10,000",""
"SURVEY","2022","MARKETING YEAR","","STATE","INDIANA","18","","","","","","","00000000","","HONEY","HONEY, BEE COLONIES - INVENTORY, MEASURED IN COLONIES","TOTAL","NOT SPECIFIED","9,000",""
"SURVEY","2022","MARKETING YEAR","","STATE","IOWA","19","","","","","","","00000000","","HONEY","HONEY, BEE COLONIES - INVENTORY, MEASURED IN COLONIES","TOTAL","NOT SPECIFIED","48,000",""
"SURVEY","2022","MARKETING YEAR","","STATE","KANSAS","20","","","","","","","00000000","","HONEY","HONEY, BEE COLONIES - INVENTORY, MEASURED IN COLONIES","TOTAL","NOT SPECIFIED","6,000",""
"SURVEY","2022","MARKETING YEAR","","STATE","KENTUCKY","21","","","","","","","00000000","","HONEY","HONEY, BEE COLONIES - INVENTORY, MEASURED IN COLONIES","TOTAL","NOT SPECIFIED","7,000",""
"SURVEY","2022","MARKETING YEAR","","STATE","LOUISIANA","22","","","","","","","00000000","","HONEY","HONEY, BEE COLONIES - INVENTORY, MEASURED IN COLONIES","TOTAL","NOT SPECIFIED","42,000",""
"SURVEY","2022","MARKETING YEAR","","STATE","MAINE","23","","","","","","","00000000","","HONEY","HONEY, BEE COLONIES - INVENTORY, MEASURED IN COLONIES","TOTAL","NOT SPECIFIED","10,000",""
"SURVEY","2022","MARKETING YEAR","","STATE","MICHIGAN","26","","","","","","","00000000","","HONEY","HONEY, BEE COLONIES - INVENTORY, MEASURED IN COLONIES","TOTAL","NOT SPECIFIED","82,000",""
"SURVEY","2022","MARKETING YEAR","","STATE","MINNESOTA","27","","","","","","","00000000","","HONEY","HONEY, BEE COLONIES - INVENTORY, MEASURED IN COLONIES","TOTAL","NOT SPECIFIED","102,000",""
"SURVEY","2022","MARKETING YEAR","","STATE","MISSISSIPPI","28","","","","","","","00000000","","HONEY","HONEY, BEE COLONIES - INVENTORY, MEASURED IN COLONIES","TOTAL","NOT SPECIFIED","21,000",""
"SURVEY","2022","MARKETING YEAR","","STATE","MISSOURI","29","","","","","","","00000000","","HONEY","HONEY, BEE COLONIES - INVENTORY, MEASURED IN COLONIES","TOTAL","NOT SPECIFIED","8,000",""
"SURVEY","2022","MARKETING YEAR","","STATE","MONTANA","30","","","","","","","00000000","","HONEY","HONEY, BEE COLONIES - INVENTORY, MEASURED IN COLONIES","TOTAL","NOT SPECIFIED","123,000",""
"SURVEY","2022","MARKETING YEAR","","STATE","NEBRASKA","31","","","","","","","00000000","","HONEY","HONEY, BEE COLONIES - INVENTORY, MEASURED IN COLONIES","TOTAL","NOT SPECIFIED","34,000",""
"SURVEY","2022","MARKETING YEAR","","STATE","NEW JERSEY","34","","","","","","","00000000","","HONEY","HONEY, BEE COLONIES - INVENTORY, MEASURED IN COLONIES","TOTAL","NOT SPECIFIED","16,000",""
"SURVEY","2022","MARKETING YEAR","","STATE","NEW YORK","36","","","","","","","00000000","","HONEY","HONEY, BEE COLONIES - INVENTORY, MEASURED IN COLONIES","TOTAL","NOT SPECIFIED","54,000",""
"SURVEY","2022","MARKETING YEAR","","STATE","NORTH CAROLINA","37","","","","","","","00000000","","HONEY","HONEY, BEE COLONIES - INVENTORY, MEASURED IN COLONIES","TOTAL","NOT SPECIFIED","13,000",""
"SURVEY","2022","MARKETING YEAR","","STATE","NORTH DAKOTA","38","","","","","","","00000000","","HONEY","HONEY, BEE COLONIES - INVENTORY, MEASURED IN COLONIES","TOTAL","NOT SPECIFIED","520,000",""
"SURVEY","2022","MARKETING YEAR","","STATE","OHIO","39","","","","","","","00000000","","HONEY","HONEY, BEE COLONIES - INVENTORY, MEASURED IN COLONIES","TOTAL","NOT SPECIFIED","19,000",""
"SURVEY","2022","MARKETING YEAR","","STATE","OREGON","41","","","","","","","00000000","","HONEY","HONEY, BEE COLONIES - INVENTORY, MEASURED IN COLONIES","TOTAL","NOT SPECIFIED","92,000",""
"SURVEY","2022","MARKETING YEAR","","STATE","OTHER STATES","","","","","","","","00000000","","HONEY","HONEY, BEE COLONIES - INVENTORY, MEASURED IN COLONIES","TOTAL","NOT SPECIFIED","53,000",""
"SURVEY","2022","MARKETING YEAR","","STATE","PENNSYLVANIA","42","","","","","","","00000000","","HONEY","HONEY, BEE COLONIES - INVENTORY, MEASURED IN COLONIES","TOTAL","NOT SPECIFIED","23,000",""
"SURVEY","2022","MARKETING YEAR","","STATE","SOUTH CAROLINA","45","","","","","","","00000000","","HONEY","HONEY, BEE COLONIES - INVENTORY, MEASURED IN COLONIES","TOTAL","NOT SPECIFIED","13,000",""
"SURVEY","2022","MARKETING YEAR","","STATE","SOUTH DAKOTA","46","","","","","","","00000000","","HONEY","HONEY, BEE COLONIES - INVENTORY, MEASURED IN COLONIES","TOTAL","NOT SPECIFIED","185,000",""
"SURVEY","2022","MARKETING YEAR","","STATE","TENNESSEE","47","","","","","","","00000000","","HONEY","HONEY, BEE COLONIES - INVENTORY, MEASURED IN COLONIES","TOTAL","NOT SPECIFIED","9,000",""
"SURVEY","2022","MARKETING YEAR","","STATE","TEXAS","48","","","","","","","00000000","","HONEY","HONEY, BEE COLONIES - INVENTORY, MEASURED IN COLONIES","TOTAL","NOT SPECIFIED","157,000",""
"SURVEY","2022","MARKETING YEAR","","STATE","UTAH","49","","","","","","","00000000","","HONEY","HONEY, BEE COLONIES - INVENTORY, MEASURED IN COLONIES","TOTAL","NOT SPECIFIED","26,000",""
"SURVEY","2022","MARKETING YEAR","","STATE","VERMONT","50","","","","","","","00000000","","HONEY","HONEY, BEE COLONIES - INVENTORY, MEASURED IN COLONIES","TOTAL","NOT SPECIFIED","6,000",""
"SURVEY","2022","MARKETING YEAR","","STATE","VIRGINIA","51","","","","","","","00000000","","HONEY","HONEY, BEE COLONIES - INVENTORY, MEASURED IN COLONIES","TOTAL","NOT SPECIFIED","7,000",""
"SURVEY","2022","MARKETING YEAR","","STATE","WASHINGTON","53","","","","","","","00000000","","HONEY","HONEY, BEE COLONIES - INVENTORY, MEASURED IN COLONIES","TOTAL","NOT SPECIFIED","86,000",""
"SURVEY","2022","MARKETING YEAR","","STATE","WEST VIRGINIA","54","","","","","","","00000000","","HONEY","HONEY, BEE COLONIES - INVENTORY, MEASURED IN COLONIES","TOTAL","NOT SPECIFIED","7,000",""
"SURVEY","2022","MARKETING YEAR","","STATE","WISCONSIN","55","","","","","","","00000000","","HONEY","HONEY, BEE COLONIES - INVENTORY, MEASURED IN COLONIES","TOTAL","NOT SPECIFIED","53,000",""
"SURVEY","2022","MARKETING YEAR","","STATE","WYOMING","56","","","","","","","00000000","","HONEY","HONEY, BEE COLONIES - INVENTORY, MEASURED IN COLONIES","TOTAL","NOT SPECIFIED","30,000",""
"SURVEY","2021","MARKETING YEAR","","STATE","ALABAMA","01","","","","","","","00000000","","HONEY","HONEY, BEE COLONIES - INVENTORY, MEASURED IN COLONIES","TOTAL","NOT SPECIFIED","8,000",""
"SURVEY","2021","MARKETING YEAR","","STATE","ARIZONA","04","","","","","","","00000000","","HONEY","HONEY, BEE COLONIES - INVENTORY, MEASURED IN COLONIES","TOTAL","NOT SPECIFIED","26,000",""
"SURVEY","2021","MARKETING YEAR","","STATE","ARKANSAS","05","","","","","","","00000000","","HONEY","HONEY, BEE COLONIES - INVENTORY, MEASURED IN COLONIES","TOTAL","NOT SPECIFIED","17,000",""
"SURVEY","2021","MARKETING YEAR","","STATE","CALIFORNIA","06","","","","","","","00000000","","HONEY","HONEY, BEE COLONIES - INVENTORY, MEASURED IN COLONIES","TOTAL","NOT SPECIFIED","290,000",""
"SURVEY","2021","MARKETING YEAR","","STATE","COLORADO","08","","","","","","","00000000","","HONEY","HONEY, BEE COLONIES - INVENTORY, MEASURED IN COLONIES","TOTAL","NOT SPECIFIED","29,000",""
"SURVEY","2021","MARKETING YEAR","","STATE","FLORIDA","12","","","","","","","00000000","","HONEY","HONEY, BEE COLONIES - INVENTORY, MEASURED IN COLONIES","TOTAL","NOT SPECIFIED","193,000",""
"SURVEY","2021","MARKETING YEAR","","STATE","GEORGIA","13","","","","","","","00000000","","HONEY","HONEY, BEE COLONIES - INVENTORY, MEASURED IN COLONIES","TOTAL","NOT SPECIFIED","96,000",""
"SURVEY","2021","MARKETING YEAR","","STATE","HAWAII","15","","","","","","","00000000","","HONEY","HONEY, BEE COLONIES - INVENTORY, MEASURED IN COLONIES","TOTAL","NOT SPECIFIED","20,000",""
"SURVEY","2021","MARKETING YEAR","","STATE","IDAHO","16","","","","","","","00000000","","HONEY","HONEY, BEE COLONIES - INVENTORY, MEASURED IN COLONIES","TOTAL","NOT SPECIFIED","100,000",""
"SURVEY","2021","MARKETING YEAR","","STATE","ILLINOIS","17","","","","","","","00000000","","HONEY","HONEY, BEE COLONIES - INVENTORY, MEASURED IN COLONIES","TOTAL","NOT SPECIFIED","10,000",""
"SURVEY","2021","MARKETING YEAR","","STATE","INDIANA","18","","","","","","","00000000","","HONEY","HONEY, BEE COLONIES - INVENTORY, MEASURED IN COLONIES","TOTAL","NOT SPECIFIED","10,000",""
"SURVEY","2021","MARKETING YEAR","","STATE","IOWA","19","","","","","","","00000000","","HONEY","HONEY, BEE COLONIES - INVENTORY, MEASURED IN COLONIES","TOTAL","NOT SPECIFIED","38,000",""
"SURVEY","2021","MARKETING YEAR","","STATE","KANSAS","20","","","","","","","00000000","","HONEY","HONEY, BEE COLONIES - INVENTORY, MEASURED IN COLONIES","TOTAL","NOT SPECIFIED","7,000",""
"SURVEY","2021","MARKETING YEAR","","STATE","KENTUCKY","21","","","","","","","00000000","","HONEY","HONEY, BEE COLONIES - INVENTORY, MEASURED IN COLONIES","TOTAL","NOT SPECIFIED","7,000",""
"SURVEY","2021","MARKETING YEAR","","STATE","LOUISIANA","22","","","","","","","00000000","","HONEY","HONEY, BEE COLONIES - INVENTORY, MEASURED IN COLONIES","TOTAL","NOT SPECIFIED","37,000",""
"SURVEY","2021","MARKETING YEAR","","STATE","MAINE","23","","","","","","","00000000","","HONEY","HONEY, BEE COLONIES - INVENTORY, MEASURED IN COLONIES","TOTAL","NOT SPECIFIED","11,000",""
"SURVEY","2021","MARKETING YEAR","","STATE","MICHIGAN","26","","","","","","","00000000","","HONEY","HONEY, BEE COLONIES - INVENTORY, MEASURED IN COLONIES","TOTAL","NOT SPECIFIED","100,000",""
"SURVEY","2021","MARKETING YEAR","","STATE","MINNESOTA","27","","","","","","","00000000","","HONEY","HONEY, BEE COLONIES - INVENTORY, MEASURED IN COLONIES","TOTAL","NOT SPECIFIED","125,000",""
"SURVEY","2021","MARKETING YEAR","","STATE","MISSISSIPPI","28","","","","","","","00000000","","HONEY","HONEY, BEE COLONIES - INVENTORY, MEASURED IN COLONIES","TOTAL","NOT SPECIFIED","25,000",""
"SURVEY","2021","MARKETING YEAR","","STATE","MISSOURI","29","","","","","","","00000000","","HONEY","HONEY, BEE COLONIES - INVENTORY, MEASURED IN COLONIES","TOTAL","NOT SPECIFIED","8,000",""
"SURVEY","2021","MARKETING YEAR","","STATE","MONTANA","30","","","","","","","00000000","","HONEY","HONEY, BEE COLONIES - INVENTORY, MEASURED IN COLONIES","TOTAL","NOT SPECIFIED","117,000",""
"SURVEY","2021","MARKETING YEAR","","STATE","NEBRASKA","31","","","","","","","00000000","","HONEY","HONEY, BEE COLONIES - INVENTORY, MEASURED IN COLONIES","TOTAL","NOT SPECIFIED","38,000",""
"SURVEY","2021","MARKETING YEAR","","STATE","NEW JERSEY","34","","","","","","","00000000","","HONEY","HONEY, BEE COLONIES - INVENTORY, MEASURED IN COLONIES","TOTAL","NOT SPECIFIED","15,000",""
"SURVEY","2021","MARKETING YEAR","","STATE","NEW YORK","36","","","","","","","00000000","","HONEY","HONEY, BEE COLONIES - INVENTORY, MEASURED IN COLONIES","TOTAL","NOT SPECIFIED","57,000",""
"SURVEY","2021","MARKETING YEAR","","STATE","NORTH CAROLINA","37","","","","","","","00000000","","HONEY","HONEY, BEE COLONIES - INVENTORY, MEASURED IN COLONIES","TOTAL","NOT SPECIFIED","13,000",""
"SURVEY","2021","MARKETING YEAR","","STATE","NORTH DAKOTA","38","","","","","","","00000000","","HONEY","HONEY, BEE COLONIES - INVENTORY, MEASURED IN COLONIES","TOTAL","NOT SPECIFIED","515,000",""
"SURVEY","2021","MARKETING YEAR","","STATE","OHIO","39","","","","","","","00000000","","HONEY","HONEY, BEE COLONIES - INVENTORY, MEASURED IN COLONIES","TOTAL","NOT SPECIFIED","16,000",""
"SURVEY","2021","MARKETING YEAR","","STATE","OREGON","41","","","","","","","00000000","","HONEY","HONEY, BEE COLONIES - INVENTORY, MEASURED IN COLONIES","TOTAL","NOT SPECIFIED","86,000",""
"SURVEY","2021","MARKETING YEAR","","STATE","OTHER STATES","","","","","","","","00000000","","HONEY","HONEY, BEE COLONIES - INVENTORY, MEASURED IN COLONIES","TOTAL","NOT SPECIFIED","28,000",""
"SURVEY","2021","MARKETING YEAR","","STATE","PENNSYLVANIA","42","","","","","","","00000000","","HONEY","HONEY, BEE COLONIES - INVENTORY, MEASURED IN COLONIES","TOTAL","NOT SPECIFIED","20,000",""
"SURVEY","2021","MARKETING YEAR","","STATE","SOUTH CAROLINA","45","","","","","","","00000000","","HONEY","HONEY, BEE COLONIES - INVENTORY, MEASURED IN COLONIES","TOTAL","NOT SPECIFIED","15,000",""
"SURVEY","2021","MARKETING YEAR","","STATE","SOUTH DAKOTA","46","","","","","","","00000000","","HONEY","HONEY, BEE COLONIES - INVENTORY, MEASURED IN COLONIES","TOTAL","NOT SPECIFIED","250,000",""
"SURVEY","2021","MARKETING YEAR","","STATE","TENNESSEE","47","","","","","","","00000000","","HONEY","HONEY, BEE COLONIES - INVENTORY, MEASURED IN COLONIES","TOTAL","NOT SPECIFIED","8,000",""
"SURVEY","2021","MARKETING YEAR","","STATE","TEXAS","48","","","","","","","00000000","","HONEY","HONEY, BEE COLONIES - INVENTORY, MEASURED IN COLONIES","TOTAL","NOT SPECIFIED","137,000",""
"SURVEY","2021","MARKETING YEAR","","STATE","UTAH","49","","","","","","","00000000","","HONEY","HONEY, BEE COLONIES - INVENTORY, MEASURED IN COLONIES","TOTAL","NOT SPECIFIED","31,000",""
"SURVEY","2021","MARKETING YEAR","","STATE","VERMONT","50","","","","","","","00000000","","HONEY","HONEY, BEE COLONIES - INVENTORY, MEASURED IN COLONIES","TOTAL","NOT SPECIFIED","6,000",""
"SURVEY","2021","MARKETING YEAR","","STATE","VIRGINIA","51","","","","","","","00000000","","HONEY","HONEY, BEE COLONIES - INVENTORY, MEASURED IN COLONIES","TOTAL","NOT SPECIFIED","6,000",""
"SURVEY","2021","MARKETING YEAR","","STATE","WASHINGTON","53","","","","","","","00000000","","HONEY","HONEY, BEE COLONIES - INVENTORY, MEASURED IN COLONIES","TOTAL","NOT SPECIFIED","96,000",""
"SURVEY","2021","MARKETING YEAR","","STATE","WEST VIRGINIA","54","","","","","","","00000000","","HONEY","HONEY, BEE COLONIES - INVENTORY, MEASURED IN COLONIES","TOTAL","NOT SPECIFIED","6,000",""
"SURVEY","2021","MARKETING YEAR","","STATE","WISCONSIN","55","","","","","","","00000000","","HONEY","HONEY, BEE COLONIES - INVENTORY, MEASURED IN COLONIES","TOTAL","NOT SPECIFIED","42,000",""
"SURVEY","2021","MARKETING YEAR","","STATE","WYOMING","56","","","","","","","00000000","","HONEY","HONEY, BEE COLONIES - INVENTORY, MEASURED IN COLONIES","TOTAL","NOT SPECIFIED","38,000",""
"SURVEY","2020","MARKETING YEAR","","STATE","ALABAMA","01","","","","","","","00000000","","HONEY","HONEY, BEE COLONIES - INVENTORY, MEASURED IN COLONIES","TOTAL","NOT SPECIFIED","7,000",""
"SURVEY","2020","MARKETING YEAR","","STATE","ARIZONA","04","","","","","","","00000000","","HONEY","HONEY, BEE COLONIES - INVENTORY, MEASURED IN COLONIES","TOTAL","NOT SPECIFIED","25,000",""
"SURVEY","2020","MARKETING YEAR","","STATE","ARKANSAS","05","","","","","","","00000000","","HONEY","HONEY, BEE COLONIES - INVENTORY, MEASURED IN COLONIES","TOTAL","NOT SPECIFIED","20,000",""
"SURVEY","2020","MARKETING YEAR","","STATE","CALIFORNIA","06","","","","","","","00000000","","HONEY","HONEY, BEE COLONIES - INVENTORY, MEASURED IN COLONIES","TOTAL","NOT SPECIFIED","320,000",""
"SURVEY","2020","MARKETING YEAR","","STATE","COLORADO","08","","","","","","","00000000","","HONEY","HONEY, BEE COLONIES - INVENTORY, MEASURED IN COLONIES","TOTAL","NOT SPECIFIED","30,000",""
"SURVEY","2020","MARKETING YEAR","","STATE","FLORIDA","12","","","","","","","00000000","","HONEY","HONEY, BEE COLONIES - INVENTORY, MEASURED IN COLONIES","TOTAL","NOT SPECIFIED","192,000",""
"SURVEY","2020","MARKETING YEAR","","STATE","GEORGIA","13","","","","","","","00000000","","HONEY","HONEY, BEE COLONIES - INVENTORY, MEASURED IN COLONIES","TOTAL","NOT SPECIFIED","101,000",""
"SURVEY","2020","MARKETING YEAR","","STATE","HAWAII","15","","","","","","","00000000","","HONEY","HONEY, BEE COLONIES - INVENTORY, MEASURED IN COLONIES","TOTAL","NOT SPECIFIED","15,000",""
"SURVEY","2020","MARKETING YEAR","","STATE","IDAHO","16","","","","","","","00000000","","HONEY","HONEY, BEE COLONIES - INVENTORY, MEASURED IN COLONIES","TOTAL","NOT SPECIFIED","107,000",""
"SURVEY","2020","MARKETING YEAR","","STATE","ILLINOIS","17","","","","","","","00000000","","HONEY","HONEY, BEE COLONIES - INVENTORY, MEASURED IN COLONIES","TOTAL","NOT SPECIFIED","10,000",""
"SURVEY","2020","MARKETING YEAR","","STATE","INDIANA","18","","","","","","","00000000","","HONEY","HONEY, BEE COLONIES - INVENTORY, MEASURED IN COLONIES","TOTAL","NOT SPECIFIED","9,000",""
"SURVEY","2020","MARKETING YEAR","","STATE","IOWA","19","","","","","","","00000000","","HONEY","HONEY, BEE COLONIES - INVENTORY, MEASURED IN COLONIES","TOTAL","NOT SPECIFIED","35,000",""
"SURVEY","2020","MARKETING YEAR","","STATE","KANSAS","20","","","","","","","00000000","","HONEY","HONEY, BEE COLONIES - INVENTORY, MEASURED IN COLONIES","TOTAL","NOT SPECIFIED","8,000",""
"SURVEY","2020","MARKETING YEAR","","STATE","KENTUCKY","21","","","","","","","00000000","","HONEY","HONEY, BEE COLONIES - INVENTORY, MEASURED IN COLONIES","TOTAL","NOT SPECIFIED","7,000",""
"SURVEY","2020","MARKETING YEAR","","STATE","LOUISIANA","22","","","","","","","00000000","","HONEY","HONEY, BEE COLONIES - INVENTORY, MEASURED IN COLONIES","TOTAL","NOT SPECIFIED","33,000",""
"SURVEY","2020","MARKETING YEAR","","STATE","MAINE","23","","","","","","","00000000","","HONEY","HONEY, BEE COLONIES - INVENTORY, MEASURED IN COLONIES","TOTAL","NOT SPECIFIED","10,000",""
"SURVEY","2020","MARKETING YEAR","","STATE","MICHIGAN","26","","","","","","","00000000","","HONEY","HONEY, BEE COLONIES - INVENTORY, MEASURED IN COLONIES","TOTAL","NOT SPECIFIED","95,000",""
"SURVEY","2020","MARKETING YEAR","","STATE","MINNESOTA","27","","","","","","","00000000","","HONEY","HONEY, BEE COLONIES - INVENTORY, MEASURED IN COLONIES","TOTAL","NOT SPECIFIED","108,000",""
"SURVEY","2020","MARKETING YEAR","","STATE","MISSISSIPPI","28","","","","","","","00000000","","HONEY","HONEY, BEE COLONIES - INVENTORY, MEASURED IN COLONIES","TOTAL","NOT SPECIFIED","25,000",""
"SURVEY","2020","MARKETING YEAR","","STATE","MISSOURI","29","","","","","","","00000000","","HONEY","HONEY, BEE COLONIES - INVENTORY, MEASURED IN COLONIES","TOTAL","NOT SPECIFIED","9,000",""
"SURVEY","2020","MARKETING YEAR","","STATE","MONTANA","30","","","","","","","00000000","","HONEY","HONEY, BEE COLONIES - INVENTORY, MEASURED IN COLONIES","TOTAL","NOT SPECIFIED","110,000",""
"SURVEY","2020","MARKETING YEAR","","STATE","NEBRASKA","31","","","","","","","00000000","","HONEY","HONEY, BEE COLONIES - INVENTORY, MEASURED IN COLONIES","TOTAL","NOT SPECIFIED","37,000",""
"SURVEY","2020","MARKETING YEAR","","STATE","NEW JERSEY","34","","","","","","","00000000","","HONEY","HONEY, BEE COLONIES - INVENTORY, MEASURED IN COLONIES","TOTAL","NOT SPECIFIED","14,000",""
"SURVEY","2020","MARKETING YEAR","","STATE","NEW YORK","36","","","","","","","00000000","","HONEY","HONEY, BEE COLONIES - INVENTORY, MEASURED IN COLONIES","TOTAL","NOT SPECIFIED","58,000",""
"SURVEY","2020","MARKETING YEAR","","STATE","NORTH CAROLINA","37","","","","","","","00000000","","HONEY","HONEY, BEE COLONIES - INVENTORY, MEASURED IN COLONIES","TOTAL","NOT SPECIFIED","12,000",""
"SURVEY","2020","MARKETING YEAR","","STATE","NORTH DAKOTA","38","","","","","","","00000000","","HONEY","HONEY, BEE COLONIES - INVENTORY, MEASURED IN COLONIES","TOTAL","NOT SPECIFIED","495,000",""
"SURVEY","2020","MARKETING YEAR","","STATE","OHIO","39","","","","","","","00000000","","HONEY","HONEY, BEE COLONIES - INVENTORY, MEASURED IN COLONIES","TOTAL","NOT SPECIFIED","16,000",""
"SURVEY","2020","MARKETING YEAR","","STATE","OREGON","41","","","","","","","00000000","","HONEY","HONEY, BEE COLONIES - INVENTORY, MEASURED IN COLONIES","TOTAL","NOT SPECIFIED","95,000",""
"SURVEY","2020","MARKETING YEAR","","STATE","OTHER STATES","","","","","","","","00000000","","HONEY","HONEY, BEE COLONIES - INVENTORY, MEASURED IN COLONIES","TOTAL","NOT SPECIFIED","33,000",""
"SURVEY","2020","MARKETING YEAR","","STATE","PENNSYLVANIA","42","","","","","","","00000000","","HONEY","HONEY, BEE COLONIES - INVENTORY, MEASURED IN COLONIES","TOTAL","NOT SPECIFIED","19,000",""
"SURVEY","2020","MARKETING YEAR","","STATE","SOUTH CAROLINA","45","","","","","","","00000000","","HONEY","HONEY, BEE COLONIES - INVENTORY, MEASURED IN COLONIES","TOTAL","NOT SPECIFIED","16,000",""
"SURVEY","2020","MARKETING YEAR","","STATE","SOUTH DAKOTA","46","","","","","","","00000000","","HONEY","HONEY, BEE COLONIES - INVENTORY, MEASURED IN COLONIES","TOTAL","NOT SPECIFIED","245,000",""
"SURVEY","2020","MARKETING YEAR","","STATE","TENNESSEE","47","","","","","","","00000000","","HONEY","HONEY, BEE COLONIES - INVENTORY, MEASURED IN COLONIES","TOTAL","NOT SPECIFIED","7,000",""
"SURVEY","2020","MARKETING YEAR","","STATE","TEXAS","48","","","","","","","00000000","","HONEY","HONEY, BEE COLONIES - INVENTORY, MEASURED IN COLONIES","TOTAL","NOT SPECIFIED","157,000",""
"SURVEY","2020","MARKETING YEAR","","STATE","UTAH","49","","","","","","","00000000","","HONEY","HONEY, BEE COLONIES - INVENTORY, MEASURED IN COLONIES","TOTAL","NOT SPECIFIED","28,000",""
"SURVEY","2020","MARKETING YEAR","","STATE","VERMONT","50","","","","","","","00000000","","HONEY","HONEY, BEE COLONIES - INVENTORY, MEASURED IN COLONIES","TOTAL","NOT SPECIFIED","6,000",""
"SURVEY","2020","MARKETING YEAR","","STATE","VIRGINIA","51","","","","","","","00000000","","HONEY","HONEY, BEE COLONIES - INVENTORY, MEASURED IN COLONIES","TOTAL","NOT SPECIFIED","5,000",""
"SURVEY","2020","MARKETING YEAR","","STATE","WASHINGTON","53","","","","","","","00000000","","HONEY","HONEY, BEE COLONIES - INVENTORY, MEASURED IN COLONIES","TOTAL","NOT SPECIFIED","98,000",""
"SURVEY","2020","MARKETING YEAR","","STATE","WEST VIRGINIA","54","","","","","","","00000000","","HONEY","HONEY, BEE COLONIES - INVENTORY, MEASURED IN COLONIES","TOTAL","NOT SPECIFIED","6,000",""
"SURVEY","2020","MARKETING YEAR","","STATE","WISCONSIN","55","","","","","","","00000000","","HONEY","HONEY, BEE COLONIES - INVENTORY, MEASURED IN COLONIES","TOTAL","NOT SPECIFIED","45,000",""
"SURVEY","2020","MARKETING YEAR","","STATE","WYOMING","56","","","","","","","00000000","","HONEY","HONEY, BEE COLONIES - INVENTORY, MEASURED IN COLONIES","TOTAL","NOT SPECIFIED","38,000",""
"SURVEY","2019","MARKETING YEAR","","STATE","ALABAMA","01","","","","","","","00000000","","HONEY","HONEY, BEE COLONIES - INVENTORY, MEASURED IN COLONIES","TOTAL","NOT SPECIFIED","7,000",""
"SURVEY","2019","MARKETING YEAR","","STATE","ARIZONA","04","","","","","","","00000000","","HONEY","HONEY, BEE COLONIES - INVENTORY, MEASURED IN COLONIES","TOTAL","NOT SPECIFIED","23,000",""
"SURVEY","2019","MARKETING YEAR","","STATE","ARKANSAS","05","","","","","","","00000000","","HONEY","HONEY, BEE COLONIES - INVENTORY, MEASURED IN COLONIES","TOTAL","NOT SPECIFIED","20,000",""
"SURVEY","2019","MARKETING YEAR","","STATE","CALIFORNIA","06","","","","","","","00000000","","HONEY","HONEY, BEE COLONIES - INVENTORY, MEASURED IN COLONIES","TOTAL","NOT SPECIFIED","335,000",""
"SURVEY","2019","MARKETING YEAR","","STATE","COLORADO","08","","","","","","","00000000","","HONEY","HONEY, BEE COLONIES - INVENTORY, MEASURED IN COLONIES","TOTAL","NOT SPECIFIED","32,000",""
"SURVEY","2019","MARKETING YEAR","","STATE","FLORIDA","12","","","","","","","00000000","","HONEY","HONEY, BEE COLONIES - INVENTORY, MEASURED IN COLONIES","TOTAL","NOT SPECIFIED","205,000",""
"SURVEY","2019","MARKETING YEAR","","STATE","GEORGIA","13","","","","","","","00000000","","HONEY","HONEY, BEE COLONIES - INVENTORY, MEASURED IN COLONIES","TOTAL","NOT SPECIFIED","102,000",""
"SURVEY","2019","MARKETING YEAR","","STATE","HAWAII","15","","","","","","","00000000","","HONEY","HONEY, BEE COLONIES - INVENTORY, MEASURED IN COLONIES","TOTAL","NOT SPECIFIED","16,000",""
"SURVEY","2019","MARKETING YEAR","","STATE","IDAHO","16","","","","","","","00000000","","HONEY","HONEY, BEE COLONIES - INVENTORY, MEASURED IN COLONIES","TOTAL","NOT SPECIFIED","92,000",""
"SURVEY","2019","MARKETING YEAR","","STATE","ILLINOIS","17","","","","","","","00000000","","HONEY","HONEY, BEE COLONIES - INVENTORY, MEASURED IN COLONIES","TOTAL","NOT SPECIFIED","11,000",""
"SURVEY","2019","MARKETING YEAR","","STATE","INDIANA","18","","","","","","","00000000","","HONEY","HONEY, BEE COLONIES - INVENTORY, MEASURED IN COLONIES","TOTAL","NOT SPECIFIED","9,000",""
"SURVEY","2019","MARKETING YEAR","","STATE","IOWA","19","","","","","","","00000000","","HONEY","HONEY, BEE COLONIES - INVENTORY, MEASURED IN COLONIES","TOTAL","NOT SPECIFIED","38,000",""
"SURVEY","2019","MARKETING YEAR","","STATE","KANSAS","20","","","","","","","00000000","","HONEY","HONEY, BEE COLONIES - INVENTORY, MEASURED IN COLONIES","TOTAL","NOT SPECIFIED","7,000",""
"SURVEY","2019","MARKETING YEAR","","STATE","KENTUCKY","21","","","","","","","00000000","","HONEY","HONEY, BEE COLONIES - INVENTORY, MEASURED IN COLONIES","TOTAL","NOT SPECIFIED","6,000",""
"SURVEY","2019","MARKETING YEAR","","STATE","LOUISIANA","22","","","","","","","00000000","","HONEY","HONEY, BEE COLONIES - INVENTORY, MEASURED IN COLONIES","TOTAL","NOT SPECIFIED","54,000",""
"SURVEY","2019","MARKETING YEAR","","STATE","MAINE","23","","","","","","","00000000","","HONEY","HONEY, BEE COLONIES - INVENTORY, MEASURED IN COLONIES","TOTAL","NOT SPECIFIED","15,000",""
"SURVEY","2019","MARKETING YEAR","","STATE","MICHIGAN","26","","","","","","","00000000","","HONEY","HONEY, BEE COLONIES - INVENTORY, MEASURED IN COLONIES","TOTAL","NOT SPECIFIED","94,000",""
"SURVEY","2019","MARKETING YEAR","","STATE","MINNESOTA","27","","","","","","","00000000","","HONEY","HONEY, BEE COLONIES - INVENTORY, MEASURED IN COLONIES","TOTAL","NOT SPECIFIED","118,000",""
"SURVEY","2019","MARKETING YEAR","","STATE","MISSISSIPPI","28","","","","","","","00000000","","HONEY","HONEY, BEE COLONIES - INVENTORY, MEASURED IN COLONIES","TOTAL","NOT SPECIFIED","22,000",""
"SURVEY","2019","MARKETING YEAR","","STATE","MISSOURI","29","","","","","","","00000000","","HONEY","HONEY, BEE COLONIES - INVENTORY, MEASURED IN COLONIES","TOTAL","NOT SPECIFIED","10,000",""
"SURVEY","2019","MARKETING YEAR","","STATE","MONTANA","30","","","","","","","00000000","","HONEY","HONEY, BEE COLONIES - INVENTORY, MEASURED IN COLONIES","TOTAL","NOT SPECIFIED","173,000",""
"SURVEY","2019","MARKETING YEAR","","STATE","NEBRASKA","31","","","","","","","00000000","","HONEY","HONEY, BEE COLONIES - INVENTORY, MEASURED IN COLONIES","TOTAL","NOT SPECIFIED","39,000",""
"SURVEY","2019","MARKETING YEAR","","STATE","NEW JERSEY","34","","","","","","","00000000","","HONEY","HONEY, BEE COLONIES - INVENTORY, MEASURED IN COLONIES","TOTAL","NOT SPECIFIED","15,000",""
"SURVEY","2019","MARKETING YEAR","","STATE","NEW YORK","36","","","","","","","00000000","","HONEY","HONEY, BEE COLONIES - INVENTORY, MEASURED IN COLONIES","TOTAL","NOT SPECIFIED","59,000",""
"SURVEY","2019","MARKETING YEAR","","STATE","NORTH CAROLINA","37","","","","","","","00000000","","HONEY","HONEY, BEE COLONIES - INVENTORY, MEASURED IN COLONIES","TOTAL","NOT SPECIFIED","14,000",""
"SURVEY","2019","MARKETING YEAR","","STATE","NORTH DAKOTA","38","","","","","","","00000000","","HONEY","HONEY, BEE COLONIES - INVENTORY, MEASURED IN COLONIES","TOTAL","NOT SPECIFIED","520,000",""
"SURVEY","2019","MARKETING YEAR","","STATE","OHIO","39","","","","","","","00000000","","HONEY","HONEY, BEE COLONIES - INVENTORY, MEASURED IN COLONIES","TOTAL","NOT SPECIFIED","15,000",""
"SURVEY","2019","MARKETING YEAR","","STATE","OREGON","41","","","","","","","00000000","","HONEY","HONEY, BEE COLONIES - INVENTORY, MEASURED IN COLONIES","TOTAL","NOT SPECIFIED","87,000",""
"SURVEY","2019","MARKETING YEAR","","STATE","OTHER STATES","","","","","","","","00000000","","HONEY","HONEY, BEE COLONIES - INVENTORY, MEASURED IN COLONIES","TOTAL","NOT SPECIFIED","30,000",""
"SURVEY","2019","MARKETING YEAR","","STATE","PENNSYLVANIA","42","","","","","","","00000000","","HONEY","HONEY, BEE COLONIES - INVENTORY, MEASURED IN COLONIES","TOTAL","NOT SPECIFIED","19,000",""
"SURVEY","2019","MARKETING YEAR","","STATE","SOUTH CAROLINA","45","","","","","","","00000000","","HONEY","HONEY, BEE COLONIES - INVENTORY, MEASURED IN COLONIES","TOTAL","NOT SPECIFIED","16,000",""
"SURVEY","2019","MARKETING YEAR","","STATE","SOUTH DAKOTA","46","","","","","","","00000000","","HONEY","HONEY, BEE COLONIES - INVENTORY, MEASURED IN COLONIES","TOTAL","NOT SPECIFIED","270,000",""
"SURVEY","2019","MARKETING YEAR","","STATE","TENNESSEE","47","","","","","","","00000000","","HONEY","HONEY, BEE COLONIES - INVENTORY, MEASURED IN COLONIES","TOTAL","NOT SPECIFIED","8,000",""
"SURVEY","2019","MARKETING YEAR","","STATE","TEXAS","48","","","","","","","00000000","","HONEY","HONEY, BEE COLONIES - INVENTORY, MEASURED IN COLONIES","TOTAL","NOT SPECIFIED","126,000",""
"SURVEY","2019","MARKETING YEAR","","STATE","UTAH","49","","","","","","","00000000","","HONEY","HONEY, BEE COLONIES - INVENTORY, MEASURED IN COLONIES","TOTAL","NOT SPECIFIED","22,000",""
"SURVEY","2019","MARKETING YEAR","","STATE","VERMONT","50","","","","","","","00000000","","HONEY","HONEY, BEE COLONIES - INVENTORY, MEASURED IN COLONIES","TOTAL","NOT SPECIFIED","6,000",""
"SURVEY","2019","MARKETING YEAR","","STATE","VIRGINIA","51","","","","","","","00000000","","HONEY","HONEY, BEE COLONIES - INVENTORY, MEASURED IN COLONIES","TOTAL","NOT SPECIFIED","5,000",""
"SURVEY","2019","MARKETING YEAR","","STATE","WASHINGTON","53","","","","","","","00000000","","HONEY","HONEY, BEE COLONIES - INVENTORY, MEASURED IN COLONIES","TOTAL","NOT SPECIFIED","81,000",""
"SURVEY","2019","MARKETING YEAR","","STATE","WEST VIRGINIA","54","","","","","","","00000000","","HONEY","HONEY, BEE COLONIES - INVENTORY, MEASURED IN COLONIES","TOTAL","NOT SPECIFIED","6,000",""
"SURVEY","2019","MARKETING YEAR","","STATE","WISCONSIN","55","","","","","","","00000000","","HONEY","HONEY, BEE COLONIES - INVENTORY, MEASURED IN COLONIES","TOTAL","NOT SPECIFIED","46,000",""
"SURVEY","2019","MARKETING YEAR","","STATE","WYOMING","56","","","","","","","00000000","","HONEY","HONEY, BEE COLONIES - INVENTORY, MEASURED IN COLONIES","TOTAL","NOT SPECIFIED","39,000",""
"SURVEY","2018","MARKETING YEAR","","STATE","ALABAMA","01","","","","","","","00000000","","HONEY","HONEY, BEE COLONIES - INVENTORY, MEASURED IN COLONIES","TOTAL","NOT SPECIFIED","6,000",""
"SURVEY","2018","MARKETING YEAR","","STATE","ARIZONA","04","","","","","","","00000000","","HONEY","HONEY, BEE COLONIES - INVENTORY, MEASURED IN COLONIES","TOTAL","NOT SPECIFIED","24,000",""
"SURVEY","2018","MARKETING YEAR","","STATE","ARKANSAS","05","","","","","","","00000000","","HONEY","HONEY, BEE COLONIES - INVENTORY, MEASURED IN COLONIES","TOTAL","NOT SPECIFIED","28,000",""
"SURVEY","2018","MARKETING YEAR","","STATE","CALIFORNIA","06","","","","","","","00000000","","HONEY","HONEY, BEE COLONIES - INVENTORY, MEASURED IN COLONIES","TOTAL","NOT SPECIFIED","335,000",""
"SURVEY","2018","MARKETING YEAR","","STATE","COLORADO","08","","","","","","","00000000","","HONEY","HONEY, BEE COLONIES - INVENTORY, MEASURED IN COLONIES","TOTAL","NOT SPECIFIED","31,000",""
"SURVEY","2018","MARKETING YEAR","","STATE","FLORIDA","12","","","","","","","00000000","","HONEY","HONEY, BEE COLONIES - INVENTORY, MEASURED IN COLONIES","TOTAL","NOT SPECIFIED","215,000",""
"SURVEY","2018","MARKETING YEAR","","STATE","GEORGIA","13","","","","","","","00000000","","HONEY","HONEY, BEE COLONIES - INVENTORY, MEASURED IN COLONIES","TOTAL","NOT SPECIFIED","98,000",""
"SURVEY","2018","MARKETING YEAR","","STATE","HAWAII","15","","","","","","","00000000","","HONEY","HONEY, BEE COLONIES - INVENTORY, MEASURED IN COLONIES","TOTAL","NOT SPECIFIED","17,000",""
"SURVEY","2018","MARKETING YEAR","","STATE","IDAHO","16","","","","","","","00000000","","HONEY","HONEY, BEE COLONIES - INVENTORY, MEASURED IN COLONIES","TOTAL","NOT SPECIFIED","96,000",""
"SURVEY","2018","MARKETING YEAR","","STATE","ILLINOIS","17","","","","","","","00000000","","HONEY","HONEY, BEE COLONIES - INVENTORY, MEASURED IN COLONIES","TOTAL","NOT SPECIFIED","11,000",""
"SURVEY","2018","MARKETING YEAR","","STATE","INDIANA","18","","","","","","","00000000","","HONEY","HONEY, BEE COLONIES - INVENTORY, MEASURED IN COLONIES","TOTAL","NOT SPECIFIED","7,000",""
"SURVEY","2018","MARKETING YEAR","","STATE","IOWA","19","","","","","","","00000000","","HONEY","HONEY, BEE COLONIES - INVENTORY, MEASURED IN COLONIES","TOTAL","NOT SPECIFIED","38,000",""
"SURVEY","2018","MARKETING YEAR","","STATE","KANSAS","20","","","","","","","00000000","","HONEY","HONEY, BEE COLONIES - INVENTORY, MEASURED IN COLONIES","TOTAL","NOT SPECIFIED","5,000",""
"SURVEY","2018","MARKETING YEAR","","STATE","KENTUCKY","21","","","","","","","00000000","","HONEY","HONEY, BEE COLONIES - INVENTORY, MEASURED IN COLONIES","TOTAL","NOT SPECIFIED","4,000",""
"SURVEY","2018","MARKETING YEAR","","STATE","LOUISIANA","22","","","","","","","00000000","","HONEY","HONEY, BEE COLONIES - INVENTORY, MEASURED IN COLONIES","TOTAL","NOT SPECIFIED","45,000",""
"SURVEY","2018","MARKETING YEAR","","STATE","MAINE","23","","","","","","","00000000","","HONEY","HONEY, BEE COLONIES - INVENTORY, MEASURED IN COLONIES","TOTAL","NOT SPECIFIED","12,000",""
"SURVEY","2018","MARKETING YEAR","","STATE","MICHIGAN","26","","","","","","","00000000","","HONEY","HONEY, BEE COLONIES - INVENTORY, MEASURED IN COLONIES","TOTAL","NOT SPECIFIED","97,000",""
"SURVEY","2018","MARKETING YEAR","","STATE","MINNESOTA","27","","","","","","","00000000","","HONEY","HONEY, BEE COLONIES - INVENTORY, MEASURED IN COLONIES","TOTAL","NOT SPECIFIED","119,000",""
"SURVEY","2018","MARKETING YEAR","","STATE","MISSISSIPPI","28","","","","","","","00000000","","HONEY","HONEY, BEE COLONIES - INVENTORY, MEASURED IN COLONIES","TOTAL","NOT SPECIFIED","20,000",""
"SURVEY","2018","MARKETING YEAR","","STATE","MISSOURI","29","","","","","","","00000000","","HONEY","HONEY, BEE COLONIES - INVENTORY, MEASURED IN COLONIES","TOTAL","NOT SPECIFIED","9,000",""
"SURVEY","2018","MARKETING YEAR","","STATE","MONTANA","30","","","","","","","00000000","","HONEY","HONEY, BEE COLONIES - INVENTORY, MEASURED IN COLONIES","TOTAL","NOT SPECIFIED","160,000",""
"SURVEY","2018","MARKETING YEAR","","STATE","NEBRASKA","31","","","","","","","00000000","","HONEY","HONEY, BEE COLONIES - INVENTORY, MEASURED IN COLONIES","TOTAL","NOT SPECIFIED","40,000",""
"SURVEY","2018","MARKETING YEAR","","STATE","NEW JERSEY","34","","","","","","","00000000","","HONEY","HONEY, BEE COLONIES - INVENTORY, MEASURED IN COLONIES","TOTAL","NOT SPECIFIED","13,000",""
"SURVEY","2018","MARKETING YEAR","","STATE","NEW YORK","36","","","","","","","00000000","","HONEY","HONEY, BEE COLONIES - INVENTORY, MEASURED IN COLONIES","TOTAL","NOT SPECIFIED","56,000",""
"SURVEY","2018","MARKETING YEAR","","STATE","NORTH CAROLINA","37","","","","","","","00000000","","HONEY","HONEY, BEE COLONIES - INVENTORY, MEASURED IN COLONIES","TOTAL","NOT SPECIFIED","10,000",""
"SURVEY","2018","MARKETING YEAR","","STATE","NORTH DAKOTA","38","","","","","","","00000000","","HONEY","HONEY, BEE COLONIES - INVENTORY, MEASURED IN COLONIES","TOTAL","NOT SPECIFIED","550,000",""
"SURVEY","2018","MARKETING YEAR","","STATE","OHIO","39","","","","","","","00000000","","HONEY","HONEY, BEE COLONIES - INVENTORY, MEASURED IN COLONIES","TOTAL","NOT SPECIFIED","14,000",""
"SURVEY","2018","MARKETING YEAR","","STATE","OREGON","41","","","","","","","00000000","","HONEY","HONEY, BEE COLONIES - INVENTORY, MEASURED IN COLONIES","TOTAL","NOT SPECIFIED","93,000",""
"SURVEY","2018","MARKETING YEAR","","STATE","OTHER STATES","","","","","","","","00000000","","HONEY","HONEY, BEE COLONIES - INVENTORY, MEASURED IN COLONIES","TOTAL","NOT SPECIFIED","36,000",""
"SURVEY","2018","MARKETING YEAR","","STATE","PENNSYLVANIA","42","","","","","","","00000000","","HONEY","HONEY, BEE COLONIES - INVENTORY, MEASURED IN COLONIES","TOTAL","NOT SPECIFIED","19,000",""
"SURVEY","2018","MARKETING YEAR","","STATE","SOUTH CAROLINA","45","","","","","","","00000000","","HONEY","HONEY, BEE COLONIES - INVENTORY, MEASURED IN COLONIES","TOTAL","NOT SPECIFIED","16,000",""
"SURVEY","2018","MARKETING YEAR","","STATE","SOUTH DAKOTA","46","","","","","","","00000000","","HONEY","HONEY, BEE COLONIES - INVENTORY, MEASURED IN COLONIES","TOTAL","NOT SPECIFIED","255,000",""
"SURVEY","2018","MARKETING YEAR","","STATE","TENNESSEE","47","","","","","","","00000000","","HONEY","HONEY, BEE COLONIES - INVENTORY, MEASURED IN COLONIES","TOTAL","NOT SPECIFIED","7,000",""
"SURVEY","2018","MARKETING YEAR","","STATE","TEXAS","48","","","","","","","00000000","","HONEY","HONEY, BEE COLONIES - INVENTORY, MEASURED IN COLONIES","TOTAL","NOT SPECIFIED","132,000",""
"SURVEY","2018","MARKETING YEAR","","STATE","UTAH","49","","","","","","","00000000","","HONEY","HONEY, BEE COLONIES - INVENTORY, MEASURED IN COLONIES","TOTAL","NOT SPECIFIED","26,000",""
"SURVEY","2018","MARKETING YEAR","","STATE","VERMONT","50","","","","","","","00000000","","HONEY","HONEY, BEE COLONIES - INVENTORY, MEASURED IN COLONIES","TOTAL","NOT SPECIFIED","7,000",""
"SURVEY","2018","MARKETING YEAR","","STATE","VIRGINIA","51","","","","","","","00000000","","HONEY","HONEY, BEE COLONIES - INVENTORY, MEASURED IN COLONIES","TOTAL","NOT SPECIFIED","4,000",""
"SURVEY","2018","MARKETING YEAR","","STATE","WASHINGTON","53","","","","","","","00000000","","HONEY","HONEY, BEE COLONIES - INVENTORY, MEASURED IN COLONIES","TOTAL","NOT SPECIFIED","77,000",""
"SURVEY","2018","MARKETING YEAR","","STATE","WEST VIRGINIA","54","","","","","","","00000000","","HONEY","HONEY, BEE COLONIES - INVENTORY, MEASURED IN COLONIES","TOTAL","NOT SPECIFIED","6,000",""
"SURVEY","2018","MARKETING YEAR","","STATE","WISCONSIN","55","","","","","","","00000000","","HONEY","HONEY, BEE COLONIES - INVENTORY, MEASURED IN COLONIES","TOTAL","NOT SPECIFIED","51,000",""
"SURVEY","2018","MARKETING YEAR","","STATE","WYOMING","56","","","","","","","00000000","","HONEY","HONEY, BEE COLONIES - INVENTORY, MEASURED IN COLONIES","TOTAL","NOT SPECIFIED","39,000",""
"SURVEY","2017","MARKETING YEAR","","STATE","ALABAMA","01","","","","","","","00000000","","HONEY","HONEY, BEE COLONIES - INVENTORY, MEASURED IN COLONIES","TOTAL","NOT SPECIFIED","7,000",""
"SURVEY","2017","MARKETING YEAR","","STATE","ARIZONA","04","","","","","","","00000000","","HONEY","HONEY, BEE COLONIES - INVENTORY, MEASURED IN COLONIES","TOTAL","NOT SPECIFIED","22,000",""
"SURVEY","2017","MARKETING YEAR","","STATE","ARKANSAS","05","","","","","","","00000000","","HONEY","HONEY, BEE COLONIES - INVENTORY, MEASURED IN COLONIES","TOTAL","NOT SPECIFIED","29,000",""
"SURVEY","2017","MARKETING YEAR","","STATE","CALIFORNIA","06","","","","","","","00000000","","HONEY","HONEY, BEE COLONIES - INVENTORY, MEASURED IN COLONIES","TOTAL","NOT SPECIFIED","335,000",""
"SURVEY","2017","MARKETING YEAR","","STATE","COLORADO","08","","","","","","","00000000","","HONEY","HONEY, BEE COLONIES - INVENTORY, MEASURED IN COLONIES","TOTAL","NOT SPECIFIED","33,000",""
"SURVEY","2017","MARKETING YEAR","","STATE","FLORIDA","12","","","","","","","00000000","","HONEY","HONEY, BEE COLONIES - INVENTORY, MEASURED IN COLONIES","TOTAL","NOT SPECIFIED","205,000",""
"SURVEY","2017","MARKETING YEAR","","STATE","GEORGIA","13","","","","","","","00000000","","HONEY","HONEY, BEE COLONIES - INVENTORY, MEASURED IN COLONIES","TOTAL","NOT SPECIFIED","99,000",""
"SURVEY","2017","MARKETING YEAR","","STATE","HAWAII","15","","","","","","","00000000","","HONEY","HONEY, BEE COLONIES - INVENTORY, MEASURED IN COLONIES","TOTAL","NOT SPECIFIED","19,000",""
"SURVEY","2017","MARKETING YEAR","","STATE","IDAHO","16","","","","","","","00000000","","HONEY","HONEY, BEE COLONIES - INVENTORY, MEASURED IN COLONIES","TOTAL","NOT SPECIFIED","95,000",""
"SURVEY","2017","MARKETING YEAR","","STATE","ILLINOIS","17","","","","","","","00000000","","HONEY","HONEY, BEE COLONIES - INVENTORY, MEASURED IN COLONIES","TOTAL","NOT SPECIFIED","11,000",""
"SURVEY","2017","MARKETING YEAR","","STATE","INDIANA","18","","","","","","","00000000","","HONEY","HONEY, BEE COLONIES - INVENTORY, MEASURED IN COLONIES","TOTAL","NOT SPECIFIED","8,000",""
"SURVEY","2017","MARKETING YEAR","","STATE","IOWA","19","","","","","","","00000000","","HONEY","HONEY, BEE COLONIES - INVENTORY, MEASURED IN COLONIES","TOTAL","NOT SPECIFIED","35,000",""
"SURVEY","2017","MARKETING YEAR","","STATE","KANSAS","20","","","","","","","00000000","","HONEY","HONEY, BEE COLONIES - INVENTORY, MEASURED IN COLONIES","TOTAL","NOT SPECIFIED","7,000",""
"SURVEY","2017","MARKETING YEAR","","STATE","KENTUCKY","21","","","","","","","00000000","","HONEY","HONEY, BEE COLONIES - INVENTORY, MEASURED IN COLONIES","TOTAL","NOT SPECIFIED","5,000",""
"SURVEY","2017","MARKETING YEAR","","STATE","LOUISIANA","22","","","","","","","00000000","","HONEY","HONEY, BEE COLONIES - INVENTORY, MEASURED IN COLONIES","TOTAL","NOT SPECIFIED","43,000",""
"SURVEY","2017","MARKETING YEAR","","STATE","MAINE","23","","","","","","","00000000","","HONEY","HONEY, BEE COLONIES - INVENTORY, MEASURED IN COLONIES","TOTAL","NOT SPECIFIED","12,000",""
"SURVEY","2017","MARKETING YEAR","","STATE","MICHIGAN","26","","","","","","","00000000","","HONEY","HONEY, BEE COLONIES - INVENTORY, MEASURED IN COLONIES","TOTAL","NOT SPECIFIED","87,000",""
"SURVEY","2017","MARKETING YEAR","","STATE","MINNESOTA","27","","","","","","","00000000","","HONEY","HONEY, BEE COLONIES - INVENTORY, MEASURED IN COLONIES","TOTAL","NOT SPECIFIED","126,000",""
"SURVEY","2017","MARKETING YEAR","","STATE","MISSISSIPPI","28","","","","","","","00000000","","HONEY","HONEY, BEE COLONIES - INVENTORY, MEASURED IN COLONIES","TOTAL","NOT SPECIFIED","18,000",""
"SURVEY","2017","MARKETING YEAR","","STATE","MISSOURI","29","","","","","","","00000000","","HONEY","HONEY, BEE COLONIES - INVENTORY, MEASURED IN COLONIES","TOTAL","NOT SPECIFIED","8,000",""
"SURVEY","2017","MARKETING YEAR","","STATE","MONTANA","30","","","","","","","00000000","","HONEY","HONEY, BEE COLONIES - INVENTORY, MEASURED IN COLONIES","TOTAL","NOT SPECIFIED","145,000",""
"SURVEY","2017","MARKETING YEAR","","STATE","NEBRASKA","31","","","","","","","00000000","","HONEY","HONEY, BEE COLONIES - INVENTORY, MEASURED IN COLONIES","TOTAL","NOT SPECIFIED","42,000",""
"SURVEY","2017","MARKETING YEAR","","STATE","NEW JERSEY","34","","","","","","","00000000","","HONEY","HONEY, BEE COLONIES - INVENTORY, MEASURED IN COLONIES","TOTAL","NOT SPECIFIED","13,000",""
"SURVEY","2017","MARKETING YEAR","","STATE","NEW YORK","36","","","","","","","00000000","","HONEY","HONEY, BEE COLONIES - INVENTORY, MEASURED IN COLONIES","TOTAL","NOT SPECIFIED","57,000",""
"SURVEY","2017","MARKETING YEAR","","STATE","NORTH CAROLINA","37","","","","","","","00000000","","HONEY","HONEY, BEE COLONIES - INVENTORY, MEASURED IN COLONIES","TOTAL","NOT SPECIFIED","11,000",""
"SURVEY","2017","MARKETING YEAR","","STATE","NORTH DAKOTA","38","","","","","","","00000000","","HONEY","HONEY, BEE COLONIES - INVENTORY, MEASURED IN COLONIES","TOTAL","NOT SPECIFIED","455,000",""
"SURVEY","2017","MARKETING YEAR","","STATE","OHIO","39","","","","","","","00000000","","HONEY","HONEY, BEE COLONIES - INVENTORY, MEASURED IN COLONIES","TOTAL","NOT SPECIFIED","15,000",""
"SURVEY","2017","MARKETING YEAR","","STATE","OREGON","41","","","","","","","00000000","","HONEY","HONEY, BEE COLONIES - INVENTORY, MEASURED IN COLONIES","TOTAL","NOT SPECIFIED","78,000",""
"SURVEY","2017","MARKETING YEAR","","STATE","OTHER STATES","","","","","","","","00000000","","HONEY","HONEY, BEE COLONIES - INVENTORY, MEASURED IN COLONIES","TOTAL","NOT SPECIFIED","35,000",""
"SURVEY","2017","MARKETING YEAR","","STATE","PENNSYLVANIA","42","","","","","","","00000000","","HONEY","HONEY, BEE COLONIES - INVENTORY, MEASURED IN COLONIES","TOTAL","NOT SPECIFIED","16,000",""
"SURVEY","2017","MARKETING YEAR","","STATE","SOUTH CAROLINA","45","","","","","","","00000000","","HONEY","HONEY, BEE COLONIES - INVENTORY, MEASURED IN COLONIES","TOTAL","NOT SPECIFIED","16,000",""
"SURVEY","2017","MARKETING YEAR","","STATE","SOUTH DAKOTA","46","","","","","","","00000000","","HONEY","HONEY, BEE COLONIES - INVENTORY, MEASURED IN COLONIES","TOTAL","NOT SPECIFIED","255,000",""
"SURVEY","2017","MARKETING YEAR","","STATE","TENNESSEE","47","","","","","","","00000000","","HONEY","HONEY, BEE COLONIES - INVENTORY, MEASURED IN COLONIES","TOTAL","NOT SPECIFIED","7,000",""
"SURVEY","2017","MARKETING YEAR","","STATE","TEXAS","48","","","","","","","00000000","","HONEY","HONEY, BEE COLONIES - INVENTORY, MEASURED IN COLONIES","TOTAL","NOT SPECIFIED","120,000",""
"SURVEY","2017","MARKETING YEAR","","STATE","UTAH","49","","","","","","","00000000","","HONEY","HONEY, BEE COLONIES - INVENTORY, MEASURED IN COLONIES","TOTAL","NOT SPECIFIED","27,000",""
"SURVEY","2017","MARKETING YEAR","","STATE","VERMONT","50","","","","","","","00000000","","HONEY","HONEY, BEE COLONIES - INVENTORY, MEASURED IN COLONIES","TOTAL","NOT SPECIFIED","7,000",""
"SURVEY","2017","MARKETING YEAR","","STATE","VIRGINIA","51","","","","","","","00000000","","HONEY","HONEY, BEE COLONIES - INVENTORY, MEASURED IN COLONIES","TOTAL","NOT SPECIFIED","6,000",""
"SURVEY","2017","MARKETING YEAR","","STATE","WASHINGTON","53","","","","","","","00000000","","HONEY","HONEY, BEE COLONIES - INVENTORY, MEASURED IN COLONIES","TOTAL","NOT SPECIFIED","77,000",""
"SURVEY","2017","MARKETING YEAR","","STATE","WEST VIRGINIA","54","","","","","","","00000000","","HONEY","HONEY, BEE COLONIES - INVENTORY, MEASURED IN COLONIES","TOTAL","NOT SPECIFIED","6,000",""
"SURVEY","2017","MARKETING YEAR","","STATE","WISCONSIN","55","","","","","","","00000000","","HONEY","HONEY, BEE COLONIES - INVENTORY, MEASURED IN COLONIES","TOTAL","NOT SPECIFIED","53,000",""
"SURVEY","2017","MARKETING YEAR","","STATE","WYOMING","56","","","","","","","00000000","","HONEY","HONEY, BEE COLONIES - INVENTORY, MEASURED IN COLONIES","TOTAL","NOT SPECIFIED","39,000",""
"SURVEY","2016","MARKETING YEAR","","STATE","ALABAMA","01","","","","","","","00000000","","HONEY","HONEY, BEE COLONIES - INVENTORY, MEASURED IN COLONIES","TOTAL","NOT SPECIFIED","7,000",""
"SURVEY","2016","MARKETING YEAR","","STATE","ARIZONA","04","","","","","","","00000000","","HONEY","HONEY, BEE COLONIES - INVENTORY, MEASURED IN COLONIES","TOTAL","NOT SPECIFIED","27,000",""
"SURVEY","2016","MARKETING YEAR","","STATE","ARKANSAS","05","","","","","","","00000000","","HONEY","HONEY, BEE COLONIES - INVENTORY, MEASURED IN COLONIES","TOTAL","NOT SPECIFIED","24,000",""
"SURVEY","2016","MARKETING YEAR","","STATE","CALIFORNIA","06","","","","","","","00000000","","HONEY","HONEY, BEE COLONIES - INVENTORY, MEASURED IN COLONIES","TOTAL","NOT SPECIFIED","310,000",""
"SURVEY","2016","MARKETING YEAR","","STATE","COLORADO","08","","","","","","","00000000","","HONEY","HONEY, BEE COLONIES - INVENTORY, MEASURED IN COLONIES","TOTAL","NOT SPECIFIED","32,000",""
"SURVEY","2016","MARKETING YEAR","","STATE","FLORIDA","12","","","","","","","00000000","","HONEY","HONEY, BEE COLONIES - INVENTORY, MEASURED IN COLONIES","TOTAL","NOT SPECIFIED","215,000",""
"SURVEY","2016","MARKETING YEAR","","STATE","GEORGIA","13","","","","","","","00000000","","HONEY","HONEY, BEE COLONIES - INVENTORY, MEASURED IN COLONIES","TOTAL","NOT SPECIFIED","96,000",""
"SURVEY","2016","MARKETING YEAR","","STATE","HAWAII","15","","","","","","","00000000","","HONEY","HONEY, BEE COLONIES - INVENTORY, MEASURED IN COLONIES","TOTAL","NOT SPECIFIED","18,000",""
"SURVEY","2016","MARKETING YEAR","","STATE","IDAHO","16","","","","","","","00000000","","HONEY","HONEY, BEE COLONIES - INVENTORY, MEASURED IN COLONIES","TOTAL","NOT SPECIFIED","97,000",""
"SURVEY","2016","MARKETING YEAR","","STATE","ILLINOIS","17","","","","","","","00000000","","HONEY","HONEY, BEE COLONIES - INVENTORY, MEASURED IN COLONIES","TOTAL","NOT SPECIFIED","10,000",""
"SURVEY","2016","MARKETING YEAR","","STATE","INDIANA","18","","","","","","","00000000","","HONEY","HONEY, BEE COLONIES - INVENTORY, MEASURED IN COLONIES","TOTAL","NOT SPECIFIED","8,000",""
"SURVEY","2016","MARKETING YEAR","","STATE","IOWA","19","","","","","","","00000000","","HONEY","HONEY, BEE COLONIES - INVENTORY, MEASURED IN COLONIES","TOTAL","NOT SPECIFIED","37,000",""
"SURVEY","2016","MARKETING YEAR","","STATE","KANSAS","20","","","","","","","00000000","","HONEY","HONEY, BEE COLONIES - INVENTORY, MEASURED IN COLONIES","TOTAL","NOT SPECIFIED","7,000",""
"SURVEY","2016","MARKETING YEAR","","STATE","KENTUCKY","21","","","","","","","00000000","","HONEY","HONEY, BEE COLONIES - INVENTORY, MEASURED IN COLONIES","TOTAL","NOT SPECIFIED","5,000",""
"SURVEY","2016","MARKETING YEAR","","STATE","LOUISIANA","22","","","","","","","00000000","","HONEY","HONEY, BEE COLONIES - INVENTORY, MEASURED IN COLONIES","TOTAL","NOT SPECIFIED","50,000",""
"SURVEY","2016","MARKETING YEAR","","STATE","MAINE","23","","","","","","","00000000","","HONEY","HONEY, BEE COLONIES - INVENTORY, MEASURED IN COLONIES","TOTAL","NOT SPECIFIED","12,000",""
"SURVEY","2016","MARKETING YEAR","","STATE","MICHIGAN","26","","","","","","","00000000","","HONEY","HONEY, BEE COLONIES - INVENTORY, MEASURED IN COLONIES","TOTAL","NOT SPECIFIED","89,000",""
"SURVEY","2016","MARKETING YEAR","","STATE","MINNESOTA","27","","","","","","","00000000","","HONEY","HONEY, BEE COLONIES - INVENTORY, MEASURED IN COLONIES","TOTAL","NOT SPECIFIED","124,000",""
"SURVEY","2016","MARKETING YEAR","","STATE","MISSISSIPPI","28","","","","","","","00000000","","HONEY","HONEY, BEE COLONIES - INVENTORY, MEASURED IN COLONIES","TOTAL","NOT SPECIFIED","19,000",""
"SURVEY","2016","MARKETING YEAR","","STATE","MISSOURI","29","","","","","","","00000000","","HONEY","HONEY, BEE COLONIES - INVENTORY, MEASURED IN COLONIES","TOTAL","NOT SPECIFIED","8,000",""
"SURVEY","2016","MARKETING YEAR","","STATE","MONTANA","30","","","","","","","00000000","","HONEY","HONEY, BEE COLONIES - INVENTORY, MEASURED IN COLONIES","TOTAL","NOT SPECIFIED","159,000",""
"SURVEY","2016","MARKETING YEAR","","STATE","NEBRASKA","31","","","","","","","00000000","","HONEY","HONEY, BEE COLONIES - INVENTORY, MEASURED IN COLONIES","TOTAL","NOT SPECIFIED","48,000",""
"SURVEY","2016","MARKETING YEAR","","STATE","NEW JERSEY","34","","","","","","","00000000","","HONEY","HONEY, BEE COLONIES - INVENTORY, MEASURED IN COLONIES","TOTAL","NOT SPECIFIED","12,000",""
"SURVEY","2016","MARKETING YEAR","","STATE","NEW YORK","36","","","","","","","00000000","","HONEY","HONEY, BEE COLONIES - INVENTORY, MEASURED IN COLONIES","TOTAL","NOT SPECIFIED","64,000",""
"SURVEY","2016","MARKETING YEAR","","STATE","NORTH CAROLINA","37","","","","","","","00000000","","HONEY","HONEY, BEE COLONIES - INVENTORY, MEASURED IN COLONIES","TOTAL","NOT SPECIFIED","12,000",""
"SURVEY","2016","MARKETING YEAR","","STATE","NORTH DAKOTA","38","","","","","","","00000000","","HONEY","HONEY, BEE COLONIES - INVENTORY, MEASURED IN COLONIES","TOTAL","NOT SPECIFIED","485,000",""
"SURVEY","2016","MARKETING YEAR","","STATE","OHIO","39","","","","","","","00000000","","HONEY","HONEY, BEE COLONIES - INVENTORY, MEASURED IN COLONIES","TOTAL","NOT SPECIFIED","15,000",""
"SURVEY","2016","MARKETING YEAR","","STATE","OREGON","41","","","","","","","00000000","","HONEY","HONEY, BEE COLONIES - INVENTORY, MEASURED IN COLONIES","TOTAL","NOT SPECIFIED","74,000",""
"SURVEY","2016","MARKETING YEAR","","STATE","OTHER STATES","","","","","","","","00000000","","HONEY","HONEY, BEE COLONIES - INVENTORY, MEASURED IN COLONIES","TOTAL","NOT SPECIFIED","37,000",""
"SURVEY","2016","MARKETING YEAR","","STATE","PENNSYLVANIA","42","","","","","","","00000000","","HONEY","HONEY, BEE COLONIES - INVENTORY, MEASURED IN COLONIES","TOTAL","NOT SPECIFIED","19,000",""
"SURVEY","2016","MARKETING YEAR","","STATE","SOUTH CAROLINA","45","","","","","","","00000000","","HONEY","HONEY, BEE COLONIES - INVENTORY, MEASURED IN COLONIES","TOTAL","NOT SPECIFIED","16,000",""
"SURVEY","2016","MARKETING YEAR","","STATE","SOUTH DAKOTA","46","","","","","","","00000000","","HONEY","HONEY, BEE COLONIES - INVENTORY, MEASURED IN COLONIES","TOTAL","NOT SPECIFIED","280,000",""
"SURVEY","2016","MARKETING YEAR","","STATE","TENNESSEE","47","","","","","","","00000000","","HONEY","HONEY, BEE COLONIES - INVENTORY, MEASURED IN COLONIES","TOTAL","NOT SPECIFIED","6,000",""
"SURVEY","2016","MARKETING YEAR","","STATE","TEXAS","48","","","","","","","00000000","","HONEY","HONEY, BEE COLONIES - INVENTORY, MEASURED IN COLONIES","TOTAL","NOT SPECIFIED","133,000",""
"SURVEY","2016","MARKETING YEAR","","STATE","UTAH","49","","","","","","","00000000","","HONEY","HONEY, BEE COLONIES - INVENTORY, MEASURED IN COLONIES","TOTAL","NOT SPECIFIED","31,000",""
"SURVEY","2016","MARKETING YEAR","","STATE","VERMONT","50","","","","","","","00000000","","HONEY","HONEY, BEE COLONIES - INVENTORY, MEASURED IN COLONIES","TOTAL","NOT SPECIFIED","6,000",""
"SURVEY","2016","MARKETING YEAR","","STATE","VIRGINIA","51","","","","","","","00000000","","HONEY","HONEY, BEE COLONIES - INVENTORY, MEASURED IN COLONIES","TOTAL","NOT SPECIFIED","5,000",""
"SURVEY","2016","MARKETING YEAR","","STATE","WASHINGTON","53","","","","","","","00000000","","HONEY","HONEY, BEE COLONIES - INVENTORY, MEASURED IN COLONIES","TOTAL","NOT SPECIFIED","84,000",""
"SURVEY","2016","MARKETING YEAR","","STATE","WEST VIRGINIA","54","","","","","","","00000000","","HONEY","HONEY, BEE COLONIES - INVENTORY, MEASURED IN COLONIES","TOTAL","NOT SPECIFIED","5,000",""
"SURVEY","2016","MARKETING YEAR","","STATE","WISCONSIN","55","","","","","","","00000000","","HONEY","HONEY, BEE COLONIES - INVENTORY, MEASURED IN COLONIES","TOTAL","NOT SPECIFIED","54,000",""
"SURVEY","2016","MARKETING YEAR","","STATE","WYOMING","56","","","","","","","00000000","","HONEY","HONEY, BEE COLONIES - INVENTORY, MEASURED IN COLONIES","TOTAL","NOT SPECIFIED","40,000",""
"SURVEY","2015","MARKETING YEAR","","STATE","ALABAMA","01","","","","","","","00000000","","HONEY","HONEY, BEE COLONIES - INVENTORY, MEASURED IN COLONIES","TOTAL","NOT SPECIFIED","7,000",""
"SURVEY","2015","MARKETING YEAR","","STATE","ARIZONA","04","","","","","","","00000000","","HONEY","HONEY, BEE COLONIES - INVENTORY, MEASURED IN COLONIES","TOTAL","NOT SPECIFIED","26,000",""
"SURVEY","2015","MARKETING YEAR","","STATE","ARKANSAS","05","","","","","","","00000000","","HONEY","HONEY, BEE COLONIES - INVENTORY, MEASURED IN COLONIES","TOTAL","NOT SPECIFIED","24,000",""
"SURVEY","2015","MARKETING YEAR","","STATE","CALIFORNIA","06","","","","","","","00000000","","HONEY","HONEY, BEE COLONIES - INVENTORY, MEASURED IN COLONIES","TOTAL","NOT SPECIFIED","275,000",""
"SURVEY","2015","MARKETING YEAR","","STATE","COLORADO","08","","","","","","","00000000","","HONEY","HONEY, BEE COLONIES - INVENTORY, MEASURED IN COLONIES","TOTAL","NOT SPECIFIED","29,000",""
"SURVEY","2015","MARKETING YEAR","","STATE","FLORIDA","12","","","","","","","00000000","","HONEY","HONEY, BEE COLONIES - INVENTORY, MEASURED IN COLONIES","TOTAL","NOT SPECIFIED","220,000",""
"SURVEY","2015","MARKETING YEAR","","STATE","GEORGIA","13","","","","","","","00000000","","HONEY","HONEY, BEE COLONIES - INVENTORY, MEASURED IN COLONIES","TOTAL","NOT SPECIFIED","69,000",""
"SURVEY","2015","MARKETING YEAR","","STATE","HAWAII","15","","","","","","","00000000","","HONEY","HONEY, BEE COLONIES - INVENTORY, MEASURED IN COLONIES","TOTAL","NOT SPECIFIED","16,000",""
"SURVEY","2015","MARKETING YEAR","","STATE","IDAHO","16","","","","","","","00000000","","HONEY","HONEY, BEE COLONIES - INVENTORY, MEASURED IN COLONIES","TOTAL","NOT SPECIFIED","89,000",""
"SURVEY","2015","MARKETING YEAR","","STATE","ILLINOIS","17","","","","","","","00000000","","HONEY","HONEY, BEE COLONIES - INVENTORY, MEASURED IN COLONIES","TOTAL","NOT SPECIFIED","8,000",""
"SURVEY","2015","MARKETING YEAR","","STATE","INDIANA","18","","","","","","","00000000","","HONEY","HONEY, BEE COLONIES - INVENTORY, MEASURED IN COLONIES","TOTAL","NOT SPECIFIED","6,000",""
"SURVEY","2015","MARKETING YEAR","","STATE","IOWA","19","","","","","","","00000000","","HONEY","HONEY, BEE COLONIES - INVENTORY, MEASURED IN COLONIES","TOTAL","NOT SPECIFIED","36,000",""
"SURVEY","2015","MARKETING YEAR","","STATE","KANSAS","20","","","","","","","00000000","","HONEY","HONEY, BEE COLONIES - INVENTORY, MEASURED IN COLONIES","TOTAL","NOT SPECIFIED","8,000",""
"SURVEY","2015","MARKETING YEAR","","STATE","KENTUCKY","21","","","","","","","00000000","","HONEY","HONEY, BEE COLONIES - INVENTORY, MEASURED IN COLONIES","TOTAL","NOT SPECIFIED","5,000",""
"SURVEY","2015","MARKETING YEAR","","STATE","LOUISIANA","22","","","","","","","00000000","","HONEY","HONEY, BEE COLONIES - INVENTORY, MEASURED IN COLONIES","TOTAL","NOT SPECIFIED","44,000",""
"SURVEY","2015","MARKETING YEAR","","STATE","MAINE","23","","","","","","","00000000","","HONEY","HONEY, BEE COLONIES - INVENTORY, MEASURED IN COLONIES","TOTAL","NOT SPECIFIED","10,000",""
"SURVEY","2015","MARKETING YEAR","","STATE","MICHIGAN","26","","","","","","","00000000","","HONEY","HONEY, BEE COLONIES - INVENTORY, MEASURED IN COLONIES","TOTAL","NOT SPECIFIED","90,000",""
"SURVEY","2015","MARKETING YEAR","","STATE","MINNESOTA","27","","","","","","","00000000","","HONEY","HONEY, BEE COLONIES - INVENTORY, MEASURED IN COLONIES","TOTAL","NOT SPECIFIED","122,000",""
"SURVEY","2015","MARKETING YEAR","","STATE","MISSISSIPPI","28","","","","","","","00000000","","HONEY","HONEY, BEE COLONIES - INVENTORY, MEASURED IN COLONIES","TOTAL","NOT SPECIFIED","15,000",""
"SURVEY","2015","MARKETING YEAR","","STATE","MISSOURI","29","","","","","","","00000000","","HONEY","HONEY, BEE COLONIES - INVENTORY, MEASURED IN COLONIES","TOTAL","NOT SPECIFIED","10,000",""
"SURVEY","2015","MARKETING YEAR","","STATE","MONTANA","30","","","","","","","00000000","","HONEY","HONEY, BEE COLONIES - INVENTORY, MEASURED IN COLONIES","TOTAL","NOT SPECIFIED","146,000",""
"SURVEY","2015","MARKETING YEAR","","STATE","NEBRASKA","31","","","","","","","00000000","","HONEY","HONEY, BEE COLONIES - INVENTORY, MEASURED IN COLONIES","TOTAL","NOT SPECIFIED","57,000",""
"SURVEY","2015","MARKETING YEAR","","STATE","NEW JERSEY","34","","","","","","","00000000","","HONEY","HONEY, BEE COLONIES - INVENTORY, MEASURED IN COLONIES","TOTAL","NOT SPECIFIED","12,000",""
"SURVEY","2015","MARKETING YEAR","","STATE","NEW YORK","36","","","","","","","00000000","","HONEY","HONEY, BEE COLONIES - INVENTORY, MEASURED IN COLONIES","TOTAL","NOT SPECIFIED","58,000",""
"SURVEY","2015","MARKETING YEAR","","STATE","NORTH CAROLINA","37","","","","","","","00000000","","HONEY","HONEY, BEE COLONIES - INVENTORY, MEASURED IN COLONIES","TOTAL","NOT SPECIFIED","12,000",""
"SURVEY","2015","MARKETING YEAR","","STATE","NORTH DAKOTA","38","","","","","","","00000000","","HONEY","HONEY, BEE COLONIES - INVENTORY, MEASURED IN COLONIES","TOTAL","NOT SPECIFIED","490,000",""
"SURVEY","2015","MARKETING YEAR","","STATE","OHIO","39","","","","","","","00000000","","HONEY","HONEY, BEE COLONIES - INVENTORY, MEASURED IN COLONIES","TOTAL","NOT SPECIFIED","17,000",""
"SURVEY","2015","MARKETING YEAR","","STATE","OREGON","41","","","","","","","00000000","","HONEY","HONEY, BEE COLONIES - INVENTORY, MEASURED IN COLONIES","TOTAL","NOT SPECIFIED","71,000",""
"SURVEY","2015","MARKETING YEAR","","STATE","OTHER STATES","","","","","","","","00000000","","HONEY","HONEY, BEE COLONIES - INVENTORY, MEASURED IN COLONIES","TOTAL","NOT SPECIFIED","30,000",""
"SURVEY","2015","MARKETING YEAR","","STATE","PENNSYLVANIA","42","","","","","","","00000000","","HONEY","HONEY, BEE COLONIES - INVENTORY, MEASURED IN COLONIES","TOTAL","NOT SPECIFIED","17,000",""
"SURVEY","2015","MARKETING YEAR","","STATE","SOUTH CAROLINA","45","","","","","","","00000000","","HONEY","HONEY, BEE COLONIES - INVENTORY, MEASURED IN COLONIES","TOTAL","NOT SPECIFIED","14,000",""
"SURVEY","2015","MARKETING YEAR","","STATE","SOUTH DAKOTA","46","","","","","","","00000000","","HONEY","HONEY, BEE COLONIES - INVENTORY, MEASURED IN COLONIES","TOTAL","NOT SPECIFIED","290,000",""
"SURVEY","2015","MARKETING YEAR","","STATE","TENNESSEE","47","","","","","","","00000000","","HONEY","HONEY, BEE COLONIES - INVENTORY, MEASURED IN COLONIES","TOTAL","NOT SPECIFIED","7,000",""
"SURVEY","2015","MARKETING YEAR","","STATE","TEXAS","48","","","","","","","00000000","","HONEY","HONEY, BEE COLONIES - INVENTORY, MEASURED IN COLONIES","TOTAL","NOT SPECIFIED","126,000",""
"SURVEY","2015","MARKETING YEAR","","STATE","UTAH","49","","","","","","","00000000","","HONEY","HONEY, BEE COLONIES - INVENTORY, MEASURED IN COLONIES","TOTAL","NOT SPECIFIED","27,000",""
"SURVEY","2015","MARKETING YEAR","","STATE","VERMONT","50","","","","","","","00000000","","HONEY","HONEY, BEE COLONIES - INVENTORY, MEASURED IN COLONIES","TOTAL","NOT SPECIFIED","5,000",""
"SURVEY","2015","MARKETING YEAR","","STATE","VIRGINIA","51","","","","","","","00000000","","HONEY","HONEY, BEE COLONIES - INVENTORY, MEASURED IN COLONIES","TOTAL","NOT SPECIFIED","5,000",""
"SURVEY","2015","MARKETING YEAR","","STATE","WASHINGTON","53","","","","","","","00000000","","HONEY","HONEY, BEE COLONIES - INVENTORY, MEASURED IN COLONIES","TOTAL","NOT SPECIFIED","73,000",""
"SURVEY","2015","MARKETING YEAR","","STATE","WEST VIRGINIA","54","","","","","","","00000000","","HONEY","HONEY, BEE COLONIES - INVENTORY, MEASURED IN COLONIES","TOTAL","NOT SPECIFIED","5,000",""
"SURVEY","2015","MARKETING YEAR","","STATE","WISCONSIN","55","","","","","","","00000000","","HONEY","HONEY, BEE COLONIES - INVENTORY, MEASURED IN COLONIES","TOTAL","NOT SPECIFIED","52,000",""
"SURVEY","2015","MARKETING YEAR","","STATE","WYOMING","56","","","","","","","00000000","","HONEY","HONEY, BEE COLONIES - INVENTORY, MEASURED IN COLONIES","TOTAL","NOT SPECIFIED","38,000",""
"SURVEY","2014","MARKETING YEAR","","STATE","ALABAMA","01","","","","","","","00000000","","HONEY","HONEY, BEE COLONIES - INVENTORY, MEASURED IN COLONIES","TOTAL","NOT SPECIFIED","7,000",""
"SURVEY","2014","MARKETING YEAR","","STATE","ARIZONA","04","","","","","","","00000000","","HONEY","HONEY, BEE COLONIES - INVENTORY, MEASURED IN COLONIES","TOTAL","NOT SPECIFIED","26,000",""
"SURVEY","2014","MARKETING YEAR","","STATE","ARKANSAS","05","","","","","","","00000000","","HONEY","HONEY, BEE COLONIES - INVENTORY, MEASURED IN COLONIES","TOTAL","NOT SPECIFIED","21,000",""
"SURVEY","2014","MARKETING YEAR","","STATE","CALIFORNIA","06","","","","","","","00000000","","HONEY","HONEY, BEE COLONIES - INVENTORY, MEASURED IN COLONIES","TOTAL","NOT SPECIFIED","320,000",""
"SURVEY","2014","MARKETING YEAR","","STATE","COLORADO","08","","","","","","","00000000","","HONEY","HONEY, BEE COLONIES - INVENTORY, MEASURED IN COLONIES","TOTAL","NOT SPECIFIED","27,000",""
"SURVEY","2014","MARKETING YEAR","","STATE","FLORIDA","12","","","","","","","00000000","","HONEY","HONEY, BEE COLONIES - INVENTORY, MEASURED IN COLONIES","TOTAL","NOT SPECIFIED","245,000",""
"SURVEY","2014","MARKETING YEAR","","STATE","GEORGIA","13","","","","","","","00000000","","HONEY","HONEY, BEE COLONIES - INVENTORY, MEASURED IN COLONIES","TOTAL","NOT SPECIFIED","73,000",""
"SURVEY","2014","MARKETING YEAR","","STATE","HAWAII","15","","","","","","","00000000","","HONEY","HONEY, BEE COLONIES - INVENTORY, MEASURED IN COLONIES","TOTAL","NOT SPECIFIED","15,000",""
"SURVEY","2014","MARKETING YEAR","","STATE","IDAHO","16","","","","","","","00000000","","HONEY","HONEY, BEE COLONIES - INVENTORY, MEASURED IN COLONIES","TOTAL","NOT SPECIFIED","100,000",""
"SURVEY","2014","MARKETING YEAR","","STATE","ILLINOIS","17","","","","","","","00000000","","HONEY","HONEY, BEE COLONIES - INVENTORY, MEASURED IN COLONIES","TOTAL","NOT SPECIFIED","8,000",""
"SURVEY","2014","MARKETING YEAR","","STATE","INDIANA","18","","","","","","","00000000","","HONEY","HONEY, BEE COLONIES - INVENTORY, MEASURED IN COLONIES","TOTAL","NOT SPECIFIED","5,000",""
"SURVEY","2014","MARKETING YEAR","","STATE","IOWA","19","","","","","","","00000000","","HONEY","HONEY, BEE COLONIES - INVENTORY, MEASURED IN COLONIES","TOTAL","NOT SPECIFIED","35,000",""
"SURVEY","2014","MARKETING YEAR","","STATE","KANSAS","20","","","","","","","00000000","","HONEY","HONEY, BEE COLONIES - INVENTORY, MEASURED IN COLONIES","TOTAL","NOT SPECIFIED","7,000",""
"SURVEY","2014","MARKETING YEAR","","STATE","KENTUCKY","21","","","","","","","00000000","","HONEY","HONEY, BEE COLONIES - INVENTORY, MEASURED IN COLONIES","TOTAL","NOT SPECIFIED","5,000",""
"SURVEY","2014","MARKETING YEAR","","STATE","LOUISIANA","22","","","","","","","00000000","","HONEY","HONEY, BEE COLONIES - INVENTORY, MEASURED IN COLONIES","TOTAL","NOT SPECIFIED","48,000",""
"SURVEY","2014","MARKETING YEAR","","STATE","MAINE","23","","","","","","","00000000","","HONEY","HONEY, BEE COLONIES - INVENTORY, MEASURED IN COLONIES","TOTAL","NOT SPECIFIED","8,000",""
"SURVEY","2014","MARKETING YEAR","","STATE","MICHIGAN","26","","","","","","","00000000","","HONEY","HONEY, BEE COLONIES - INVENTORY, MEASURED IN COLONIES","TOTAL","NOT SPECIFIED","91,000",""
"SURVEY","2014","MARKETING YEAR","","STATE","MINNESOTA","27","","","","","","","00000000","","HONEY","HONEY, BEE COLONIES - INVENTORY, MEASURED IN COLONIES","TOTAL","NOT SPECIFIED","132,000",""
"SURVEY","2014","MARKETING YEAR","","STATE","MISSISSIPPI","28","","","","","","","00000000","","HONEY","HONEY, BEE COLONIES - INVENTORY, MEASURED IN COLONIES","TOTAL","NOT SPECIFIED","20,000",""
"SURVEY","2014","MARKETING YEAR","","STATE","MISSOURI","29","","","","","","","00000000","","HONEY","HONEY, BEE COLONIES - INVENTORY, MEASURED IN COLONIES","TOTAL","NOT SPECIFIED","12,000",""
"SURVEY","2014","MARKETING YEAR","","STATE","MONTANA","30","","","","","","","00000000","","HONEY","HONEY, BEE COLONIES - INVENTORY, MEASURED IN COLONIES","TOTAL","NOT SPECIFIED","162,000",""
"SURVEY","2014","MARKETING YEAR","","STATE","NEBRASKA","31","","","","","","","00000000","","HONEY","HONEY, BEE COLONIES - INVENTORY, MEASURED IN COLONIES","TOTAL","NOT SPECIFIED","50,000",""
"SURVEY","2014","MARKETING YEAR","","STATE","NEW JERSEY","34","","","","","","","00000000","","HONEY","HONEY, BEE COLONIES - INVENTORY, MEASURED IN COLONIES","TOTAL","NOT SPECIFIED","12,000",""
"SURVEY","2014","MARKETING YEAR","","STATE","NEW YORK","36","","","","","","","00000000","","HONEY","HONEY, BEE COLONIES - INVENTORY, MEASURED IN COLONIES","TOTAL","NOT SPECIFIED","60,000",""
"SURVEY","2014","MARKETING YEAR","","STATE","NORTH CAROLINA","37","","","","","","","00000000","","HONEY","HONEY, BEE COLONIES - INVENTORY, MEASURED IN COLONIES","TOTAL","NOT SPECIFIED","12,000",""
"SURVEY","2014","MARKETING YEAR","","STATE","NORTH DAKOTA","38","","","","","","","00000000","","HONEY","HONEY, BEE COLONIES - INVENTORY, MEASURED IN COLONIES","TOTAL","NOT SPECIFIED","490,000",""
"SURVEY","2014","MARKETING YEAR","","STATE","OHIO","39","","","","","","","00000000","","HONEY","HONEY, BEE COLONIES - INVENTORY, MEASURED IN COLONIES","TOTAL","NOT SPECIFIED","15,000",""
"SURVEY","2014","MARKETING YEAR","","STATE","OREGON","41","","","","","","","00000000","","HONEY","HONEY, BEE COLONIES - INVENTORY, MEASURED IN COLONIES","TOTAL","NOT SPECIFIED","71,000",""
"SURVEY","2014","MARKETING YEAR","","STATE","OTHER STATES","","","","","","","","00000000","","HONEY","HONEY, BEE COLONIES - INVENTORY, MEASURED IN COLONIES","TOTAL","NOT SPECIFIED","31,000",""
"SURVEY","2014","MARKETING YEAR","","STATE","PENNSYLVANIA","42","","","","","","","00000000","","HONEY","HONEY, BEE COLONIES - INVENTORY, MEASURED IN COLONIES","TOTAL","NOT SPECIFIED","17,000",""
"SURVEY","2014","MARKETING YEAR","","STATE","SOUTH CAROLINA","45","","","","","","","00000000","","HONEY","HONEY, BEE COLONIES - INVENTORY, MEASURED IN COLONIES","TOTAL","NOT SPECIFIED","9,000",""
"SURVEY","2014","MARKETING YEAR","","STATE","SOUTH DAKOTA","46","","","","","","","00000000","","HONEY","HONEY, BEE COLONIES - INVENTORY, MEASURED IN COLONIES","TOTAL","NOT SPECIFIED","280,000",""
"SURVEY","2014","MARKETING YEAR","","STATE","TENNESSEE","47","","","","","","","00000000","","HONEY","HONEY, BEE COLONIES - INVENTORY, MEASURED IN COLONIES","TOTAL","NOT SPECIFIED","7,000",""
"SURVEY","2014","MARKETING YEAR","","STATE","TEXAS","48","","","","","","","00000000","","HONEY","HONEY, BEE COLONIES - INVENTORY, MEASURED IN COLONIES","TOTAL","NOT SPECIFIED","116,000",""
"SURVEY","2014","MARKETING YEAR","","STATE","UTAH","49","","","","","","","00000000","","HONEY","HONEY, BEE COLONIES - INVENTORY, MEASURED IN COLONIES","TOTAL","NOT SPECIFIED","29,000",""
"SURVEY","2014","MARKETING YEAR","","STATE","VERMONT","50","","","","","","","00000000","","HONEY","HONEY, BEE COLONIES - INVENTORY, MEASURED IN COLONIES","TOTAL","NOT SPECIFIED","4,000",""
"SURVEY","2014","MARKETING YEAR","","STATE","VIRGINIA","51","","","","","","","00000000","","HONEY","HONEY, BEE COLONIES - INVENTORY, MEASURED IN COLONIES","TOTAL","NOT SPECIFIED","6,000",""
"SURVEY","2014","MARKETING YEAR","","STATE","WASHINGTON","53","","","","","","","00000000","","HONEY","HONEY, BEE COLONIES - INVENTORY, MEASURED IN COLONIES","TOTAL","NOT SPECIFIED","68,000",""
"SURVEY","2014","MARKETING YEAR","","STATE","WEST VIRGINIA","54","","","","","","","00000000","","HONEY","HONEY, BEE COLONIES - INVENTORY, MEASURED IN COLONIES","TOTAL","NOT SPECIFIED","6,000",""
"SURVEY","2014","MARKETING YEAR","","STATE","WISCONSIN","55","","","","","","","00000000","","HONEY","HONEY, BEE COLONIES - INVENTORY, MEASURED IN COLONIES","TOTAL","NOT SPECIFIED","53,000",""
"SURVEY","2014","MARKETING YEAR","","STATE","WYOMING","56","","","","","","","00000000","","HONEY","HONEY, BEE COLONIES - INVENTORY, MEASURED IN COLONIES","TOTAL","NOT SPECIFIED","38,000",""
"SURVEY","2013","MARKETING YEAR","","STATE","ALABAMA","01","","","","","","","00000000","","HONEY","HONEY, BEE COLONIES - INVENTORY, MEASURED IN COLONIES","TOTAL","NOT SPECIFIED","7,000",""
"SURVEY","2013","MARKETING YEAR","","STATE","ARIZONA","04","","","","","","","00000000","","HONEY","HONEY, BEE COLONIES - INVENTORY, MEASURED IN COLONIES","TOTAL","NOT SPECIFIED","29,000",""
"SURVEY","2013","MARKETING YEAR","","STATE","ARKANSAS","05","","","","","","","00000000","","HONEY","HONEY, BEE COLONIES - INVENTORY, MEASURED IN COLONIES","TOTAL","NOT SPECIFIED","22,000",""
"SURVEY","2013","MARKETING YEAR","","STATE","CALIFORNIA","06","","","","","","","00000000","","HONEY","HONEY, BEE COLONIES - INVENTORY, MEASURED IN COLONIES","TOTAL","NOT SPECIFIED","330,000",""
"SURVEY","2013","MARKETING YEAR","","STATE","COLORADO","08","","","","","","","00000000","","HONEY","HONEY, BEE COLONIES - INVENTORY, MEASURED IN COLONIES","TOTAL","NOT SPECIFIED","26,000",""
"SURVEY","2013","MARKETING YEAR","","STATE","FLORIDA","12","","","","","","","00000000","","HONEY","HONEY, BEE COLONIES - INVENTORY, MEASURED IN COLONIES","TOTAL","NOT SPECIFIED","220,000",""
"SURVEY","2013","MARKETING YEAR","","STATE","GEORGIA","13","","","","","","","00000000","","HONEY","HONEY, BEE COLONIES - INVENTORY, MEASURED IN COLONIES","TOTAL","NOT SPECIFIED","67,000",""
"SURVEY","2013","MARKETING YEAR","","STATE","HAWAII","15","","","","","","","00000000","","HONEY","HONEY, BEE COLONIES - INVENTORY, MEASURED IN COLONIES","TOTAL","NOT SPECIFIED","13,000",""
"SURVEY","2013","MARKETING YEAR","","STATE","IDAHO","16","","","","","","","00000000","","HONEY","HONEY, BEE COLONIES - INVENTORY, MEASURED IN COLONIES","TOTAL","NOT SPECIFIED","83,000",""
"SURVEY","2013","MARKETING YEAR","","STATE","ILLINOIS","17","","","","","","","00000000","","HONEY","HONEY, BEE COLONIES - INVENTORY, MEASURED IN COLONIES","TOTAL","NOT SPECIFIED","7,000",""
"SURVEY","2013","MARKETING YEAR","","STATE","INDIANA","18","","","","","","","00000000","","HONEY","HONEY, BEE COLONIES - INVENTORY, MEASURED IN COLONIES","TOTAL","NOT SPECIFIED","6,000",""
"SURVEY","2013","MARKETING YEAR","","STATE","IOWA","19","","","","","","","00000000","","HONEY","HONEY, BEE COLONIES - INVENTORY, MEASURED IN COLONIES","TOTAL","NOT SPECIFIED","39,000",""
"SURVEY","2013","MARKETING YEAR","","STATE","KANSAS","20","","","","","","","00000000","","HONEY","HONEY, BEE COLONIES - INVENTORY, MEASURED IN COLONIES","TOTAL","NOT SPECIFIED","6,000",""
"SURVEY","2013","MARKETING YEAR","","STATE","KENTUCKY","21","","","","","","","00000000","","HONEY","HONEY, BEE COLONIES - INVENTORY, MEASURED IN COLONIES","TOTAL","NOT SPECIFIED","3,000",""
"SURVEY","2013","MARKETING YEAR","","STATE","LOUISIANA","22","","","","","","","00000000","","HONEY","HONEY, BEE COLONIES - INVENTORY, MEASURED IN COLONIES","TOTAL","NOT SPECIFIED","50,000",""
"SURVEY","2013","MARKETING YEAR","","STATE","MAINE","23","","","","","","","00000000","","HONEY","HONEY, BEE COLONIES - INVENTORY, MEASURED IN COLONIES","TOTAL","NOT SPECIFIED","7,000",""
"SURVEY","2013","MARKETING YEAR","","STATE","MICHIGAN","26","","","","","","","00000000","","HONEY","HONEY, BEE COLONIES - INVENTORY, MEASURED IN COLONIES","TOTAL","NOT SPECIFIED","85,000",""
"SURVEY","2013","MARKETING YEAR","","STATE","MINNESOTA","27","","","","","","","00000000","","HONEY","HONEY, BEE COLONIES - INVENTORY, MEASURED IN COLONIES","TOTAL","NOT SPECIFIED","130,000",""
"SURVEY","2013","MARKETING YEAR","","STATE","MISSISSIPPI","28","","","","","","","00000000","","HONEY","HONEY, BEE COLONIES - INVENTORY, MEASURED IN COLONIES","TOTAL","NOT SPECIFIED","17,000",""
"SURVEY","2013","MARKETING YEAR","","STATE","MISSOURI","29","","","","","","","00000000","","HONEY","HONEY, BEE COLONIES - INVENTORY, MEASURED IN COLONIES","TOTAL","NOT SPECIFIED","10,000",""
"SURVEY","2013","MARKETING YEAR","","STATE","MONTANA","30","","","","","","","00000000","","HONEY","HONEY, BEE COLONIES - INVENTORY, MEASURED IN COLONIES","TOTAL","NOT SPECIFIED","159,000",""
"SURVEY","2013","MARKETING YEAR","","STATE","NEBRASKA","31","","","","","","","00000000","","HONEY","HONEY, BEE COLONIES - INVENTORY, MEASURED IN COLONIES","TOTAL","NOT SPECIFIED","46,000",""
"SURVEY","2013","MARKETING YEAR","","STATE","NEW JERSEY","34","","","","","","","00000000","","HONEY","HONEY, BEE COLONIES - INVENTORY, MEASURED IN COLONIES","TOTAL","NOT SPECIFIED","11,000",""
"SURVEY","2013","MARKETING YEAR","","STATE","NEW YORK","36","","","","","","","00000000","","HONEY","HONEY, BEE COLONIES - INVENTORY, MEASURED IN COLONIES","TOTAL","NOT SPECIFIED","55,000",""
"SURVEY","2013","MARKETING YEAR","","STATE","NORTH CAROLINA","37","","","","","","","00000000","","HONEY","HONEY, BEE COLONIES - INVENTORY, MEASURED IN COLONIES","TOTAL","NOT SPECIFIED","10,000",""
"SURVEY","2013","MARKETING YEAR","","STATE","NORTH DAKOTA","38","","","","","","","00000000","","HONEY","HONEY, BEE COLONIES - INVENTORY, MEASURED IN COLONIES","TOTAL","NOT SPECIFIED","480,000",""
"SURVEY","2013","MARKETING YEAR","","STATE","OHIO","39","","","","","","","00000000","","HONEY","HONEY, BEE COLONIES - INVENTORY, MEASURED IN COLONIES","TOTAL","NOT SPECIFIED","17,000",""
"SURVEY","2013","MARKETING YEAR","","STATE","OREGON","41","","","","","","","00000000","","HONEY","HONEY, BEE COLONIES - INVENTORY, MEASURED IN COLONIES","TOTAL","NOT SPECIFIED","62,000",""
"SURVEY","2013","MARKETING YEAR","","STATE","OTHER STATES","","","","","","","","00000000","","HONEY","HONEY, BEE COLONIES - INVENTORY, MEASURED IN COLONIES","TOTAL","NOT SPECIFIED","33,000",""
"SURVEY","2013","MARKETING YEAR","","STATE","PENNSYLVANIA","42","","","","","","","00000000","","HONEY","HONEY, BEE COLONIES - INVENTORY, MEASURED IN COLONIES","TOTAL","NOT SPECIFIED","13,000",""
"SURVEY","2013","MARKETING YEAR","","STATE","SOUTH DAKOTA","46","","","","","","","00000000","","HONEY","HONEY, BEE COLONIES - INVENTORY, MEASURED IN COLONIES","TOTAL","NOT SPECIFIED","265,000",""
"SURVEY","2013","MARKETING YEAR","","STATE","TENNESSEE","47","","","","","","","00000000","","HONEY","HONEY, BEE COLONIES - INVENTORY, MEASURED IN COLONIES","TOTAL","NOT SPECIFIED","7,000",""
"SURVEY","2013","MARKETING YEAR","","STATE","TEXAS","48","","","","","","","00000000","","HONEY","HONEY, BEE COLONIES - INVENTORY, MEASURED IN COLONIES","TOTAL","NOT SPECIFIED","106,000",""
"SURVEY","2013","MARKETING YEAR","","STATE","UTAH","49","","","","","","","00000000","","HONEY","HONEY, BEE COLONIES - INVENTORY, MEASURED IN COLONIES","TOTAL","NOT SPECIFIED","30,000",""
"SURVEY","2013","MARKETING YEAR","","STATE","VERMONT","50","","","","","","","00000000","","HONEY","HONEY, BEE COLONIES - INVENTORY, MEASURED IN COLONIES","TOTAL","NOT SPECIFIED","4,000",""
"SURVEY","2013","MARKETING YEAR","","STATE","VIRGINIA","51","","","","","","","00000000","","HONEY","HONEY, BEE COLONIES - INVENTORY, MEASURED IN COLONIES","TOTAL","NOT SPECIFIED","5,000",""
"SURVEY","2013","MARKETING YEAR","","STATE","WASHINGTON","53","","","","","","","00000000","","HONEY","HONEY, BEE COLONIES - INVENTORY, MEASURED IN COLONIES","TOTAL","NOT SPECIFIED","69,000",""
"SURVEY","2013","MARKETING YEAR","","STATE","WEST VIRGINIA","54","","","","","","","00000000","","HONEY","HONEY, BEE COLONIES - INVENTORY, MEASURED IN COLONIES","TOTAL","NOT SPECIFIED","6,000",""
"SURVEY","2013","MARKETING YEAR","","STATE","WISCONSIN","55","","","","","","","00000000","","HONEY","HONEY, BEE COLONIES - INVENTORY, MEASURED IN COLONIES","TOTAL","NOT SPECIFIED","59,000",""
"SURVEY","2013","MARKETING YEAR","","STATE","WYOMING","56","","","","","","","00000000","","HONEY","HONEY, BEE COLONIES - INVENTORY, MEASURED IN COLONIES","TOTAL","NOT SPECIFIED","47,000",""
