CouncilDistrict,CrimeAgainst,ReportMonthYear,CrimeCount
1,Property,January 2015,992
NA,Property,January 2015,409
2,Property,January 2015,894
3,Property,January 2015,1060
1,Society,January 2015,95
4,Property,January 2015,909
1,Person,January 2015,10
2,Society,January 2015,48
4,Person,January 2015,5
2,Person,January 2015,8
2,Person,May 2015,173
3,Society,January 2015,49
NA,Society,January 2015,43
3,Person,January 2015,3
3,Property,February 2015,766
2,Property,February 2015,710
1,Property,February 2015,789
3,Person,February 2015,3
1,Society,February 2015,78
4,Property,February 2015,789
4,Person,February 2015,2
2,Society,February 2015,41
3,Society,February 2015,36
NA,Property,February 2015,406
2,Person,February 2015,7
1,Person,February 2015,9
2,Property,March 2015,802
4,Person,March 2015,25
3,Property,March 2015,936
3,Society,March 2015,46
3,Person,March 2015,29
1,Property,March 2015,859
1,Society,March 2015,115
4,Property,March 2015,786
NA,Property,March 2015,487
2,Person,March 2015,24
2,Society,March 2015,50
NA,Person,March 2015,10
1,Person,March 2015,29
3,Property,April 2015,870
1,Person,April 2015,191
4,Property,April 2015,792
3,Person,April 2015,121
2,Property,April 2015,869
1,Property,April 2015,842
4,Person,April 2015,113
2,Person,April 2015,130
3,Society,April 2015,61
NA,Person,April 2015,13
1,Society,April 2015,70
2,Society,April 2015,64
3,Person,May 2015,138
1,Property,May 2015,921
1,Person,May 2015,206
4,Society,May 2015,96
3,Property,May 2015,1004
3,Society,May 2015,51
4,Person,May 2015,162
2,Property,May 2015,855
NA,Person,May 2015,14
2,Society,May 2015,38
NA,Society,May 2015,2
NA,Property,May 2015,117
NA,Person,January 2015,2
4,Property,May 2015,1005
1,Society,May 2015,83
3,Person,June 2015,124
2,Person,June 2015,171
1,Person,June 2015,210
3,Property,June 2015,908
1,Property,June 2015,901
2,Property,June 2015,776
4,Person,June 2015,164
NA,Property,April 2015,221
1,Society,June 2015,87
NA,Person,June 2015,14
4,Property,June 2015,937
NA,Property,June 2015,94
3,Society,June 2015,32
2,Society,June 2015,42
4,Society,June 2015,65
3,Person,July 2015,124
2,Person,July 2015,150
1,Person,July 2015,215
4,Person,July 2015,116
1,Society,July 2015,89
3,Property,July 2015,922
NA,Property,July 2015,71
2,Property,July 2015,850
4,Property,July 2015,946
1,Property,July 2015,1058
3,Society,July 2015,44
3,Person,October 2015,130
2,Society,July 2015,41
4,Society,July 2015,85
NA,Person,July 2015,12
3,Person,August 2015,133
4,Person,August 2015,161
1,Person,August 2015,233
2,Person,August 2015,172
1,Property,August 2015,953
2,Society,August 2015,46
4,Property,August 2015,847
3,Property,August 2015,849
2,Property,August 2015,821
1,Society,August 2015,112
NA,Person,August 2015,11
NA,Property,August 2015,60
4,Society,August 2015,78
1,Person,September 2015,201
3,Person,September 2015,116
2,Property,September 2015,839
4,Person,September 2015,130
2,Person,September 2015,128
3,Property,September 2015,957
4,Property,September 2015,898
NA,Property,September 2015,71
1,Property,September 2015,924
2,Society,September 2015,32
3,Society,September 2015,31
4,Society,September 2015,88
NA,Person,September 2015,8
1,Society,September 2015,75
4,Person,October 2015,151
1,Person,October 2015,221
2,Person,October 2015,113
2,Property,October 2015,991
4,Property,October 2015,1071
1,Property,October 2015,1005
3,Property,October 2015,956
3,Society,October 2015,29
2,Society,October 2015,43
NA,Property,October 2015,95
NA,Person,October 2015,15
1,Society,October 2015,72
4,Society,October 2015,71
4,Person,November 2015,123
2,Person,November 2015,138
3,Person,November 2015,108
1,Person,November 2015,168
4,Property,November 2015,1039
2,Property,November 2015,1027
NA,Property,November 2015,81
1,Property,November 2015,949
3,Property,November 2015,897
4,Society,November 2015,56
3,Society,November 2015,20
1,Society,November 2015,81
2,Society,November 2015,34
NA,Person,November 2015,9
3,Person,December 2015,126
1,Person,December 2015,165
1,Property,December 2015,961
4,Person,December 2015,149
2,Person,December 2015,138
NA,Person,December 2015,15
2,Property,December 2015,941
2,Society,December 2015,45
3,Property,December 2015,1049
1,Society,December 2015,62
4,Property,December 2015,1005
4,Society,December 2015,59
NA,Property,December 2015,83
4,Society,January 2015,111
4,Society,March 2015,112
4,Society,April 2015,88
3,Society,August 2015,32
4,Society,February 2015,77
3,Society,December 2015,18
NA,Society,July 2015,5
NA,Society,March 2015,27
NA,Society,February 2015,34
NA,Society,August 2015,10
NA,Society,October 2015,8
NA,Society,April 2015,10
NA,Society,December 2015,7
NA,Society,September 2015,5
NA,Society,June 2015,2
1,Person,January 2016,197
3,Person,January 2016,114
4,Person,January 2016,157
2,Person,January 2016,152
4,Society,January 2016,60
NA,Person,January 2016,13
4,Property,January 2016,944
3,Property,January 2016,858
1,Property,January 2016,1045
2,Property,January 2016,892
1,Society,January 2016,71
NA,Property,January 2016,126
3,Society,January 2016,28
2,Society,January 2016,46
2,Person,February 2016,135
3,Person,February 2016,116
4,Person,February 2016,125
1,Person,February 2016,174
4,Property,February 2016,949
3,Property,February 2016,907
2,Property,February 2016,869
1,Property,February 2016,911
2,Society,February 2016,37
NA,Property,February 2016,103
NA,Person,February 2016,6
1,Society,February 2016,56
3,Society,February 2016,22
3,Person,March 2016,111
1,Person,March 2016,194
2,Person,March 2016,141
4,Person,March 2016,167
2,Property,March 2016,876
1,Property,March 2016,960
NA,Person,March 2016,12
3,Property,March 2016,832
4,Property,March 2016,995
2,Society,March 2016,51
1,Society,March 2016,70
NA,Property,March 2016,109
4,Person,April 2016,144
NA,Person,April 2016,14
1,Person,April 2016,216
1,Property,April 2016,920
3,Person,April 2016,144
2,Person,April 2016,129
3,Property,April 2016,844
2,Property,April 2016,894
4,Property,April 2016,900
1,Society,April 2016,92
2,Society,April 2016,45
NA,Property,April 2016,106
2,Property,May 2016,903
3,Person,May 2016,144
4,Person,May 2016,138
2,Person,May 2016,171
3,Property,May 2016,895
1,Person,May 2016,230
1,Property,May 2016,909
4,Property,May 2016,834
NA,Property,May 2016,77
NA,Person,May 2016,14
1,Society,May 2016,97
2,Society,May 2016,48
3,Society,May 2016,33
4,Society,April 2016,86
NA,Person,June 2016,7
4,Person,June 2016,142
1,Person,June 2016,227
2,Person,June 2016,178
4,Property,June 2016,782
3,Person,June 2016,133
3,Property,June 2016,867
2,Property,June 2016,946
1,Property,June 2016,1000
1,Society,June 2016,76
NA,Property,June 2016,59
2,Society,June 2016,56
4,Person,July 2016,158
NA,Person,July 2016,18
2,Person,July 2016,152
4,Property,July 2016,847
2,Property,July 2016,923
1,Person,July 2016,203
3,Person,July 2016,108
1,Property,July 2016,922
3,Property,July 2016,961
2,Society,July 2016,31
3,Society,July 2016,29
NA,Property,July 2016,58
1,Society,July 2016,57
4,Society,July 2016,73
3,Person,August 2016,130
2,Person,August 2016,166
4,Person,August 2016,193
1,Person,August 2016,198
3,Property,August 2016,1037
1,Property,August 2016,1029
1,Society,August 2016,99
NA,Person,August 2016,15
2,Property,August 2016,929
4,Property,August 2016,860
3,Society,August 2016,32
2,Society,August 2016,45
2,Person,September 2016,165
3,Person,September 2016,123
4,Person,September 2016,145
NA,Person,September 2016,12
1,Property,September 2016,1023
1,Person,September 2016,185
3,Society,September 2016,20
3,Property,September 2016,1087
2,Property,September 2016,952
2,Society,September 2016,24
1,Society,September 2016,67
4,Property,September 2016,931
NA,Property,September 2016,77
3,Person,October 2016,127
2,Person,October 2016,143
2,Property,October 2016,1088
1,Person,October 2016,173
4,Person,October 2016,175
NA,Person,October 2016,14
1,Property,October 2016,1054
4,Property,October 2016,979
3,Property,October 2016,1162
NA,Property,October 2016,87
1,Society,October 2016,80
4,Society,October 2016,52
1,Person,November 2016,176
2,Person,November 2016,129
4,Person,November 2016,170
4,Property,November 2016,976
3,Person,November 2016,124
1,Society,November 2016,62
2,Property,November 2016,1066
2,Society,November 2016,45
4,Society,November 2016,56
1,Property,November 2016,1014
3,Property,November 2016,1147
NA,Person,November 2016,13
NA,Property,November 2016,129
3,Society,November 2016,22
1,Person,December 2016,142
3,Person,December 2016,109
2,Person,December 2016,137
1,Property,December 2016,1100
3,Property,December 2016,1107
2,Property,December 2016,1040
NA,Person,December 2016,11
4,Person,December 2016,141
1,Society,December 2016,43
4,Property,December 2016,888
4,Society,December 2016,47
2,Society,December 2016,40
4,Society,June 2016,75
2,Society,October 2016,28
4,Society,March 2016,77
NA,Society,November 2016,5
4,Society,September 2016,103
4,Society,August 2016,71
4,Society,February 2016,60
4,Society,May 2016,70
3,Society,April 2016,28
3,Society,December 2016,28
NA,Property,August 2016,54
3,Society,March 2016,30
3,Society,June 2016,30
NA,Property,December 2016,88
NA,Society,May 2016,9
NA,Society,August 2016,3
NA,Society,January 2016,5
NA,Society,July 2016,2
NA,Society,September 2016,2
3,Society,October 2016,14
NA,Society,December 2016,2
NA,Society,April 2016,5
NA,Society,February 2016,6
NA,Society,March 2016,4
NA,Society,June 2016,2
NA,Society,October 2016,2
1,Person,January 2017,188
3,Person,January 2017,113
2,Person,January 2017,126
4,Person,January 2017,147
1,Property,January 2017,972
NA,Person,January 2017,10
4,Property,January 2017,765
3,Property,January 2017,865
2,Property,January 2017,987
NA,Society,January 2017,3
2,Society,January 2017,25
1,Society,January 2017,36
NA,Property,January 2017,65
1,Person,February 2017,169
4,Person,February 2017,122
2,Person,February 2017,118
3,Person,February 2017,131
4,Property,February 2017,901
3,Property,February 2017,965
1,Property,February 2017,940
1,Person,March 2017,221
2,Property,February 2017,887
NA,Person,February 2017,10
NA,Property,February 2017,74
2,Society,February 2017,36
3,Society,February 2017,27
1,Property,March 2017,1124
4,Person,March 2017,169
2,Person,March 2017,149
2,Property,March 2017,968
3,Property,March 2017,1155
3,Person,March 2017,111
NA,Person,March 2017,15
4,Property,March 2017,918
1,Society,March 2017,77
NA,Property,March 2017,67
4,Society,March 2017,86
4,Society,February 2017,87
1,Person,April 2017,211
4,Property,April 2017,954
2,Person,April 2017,155
2,Society,April 2017,25
2,Property,April 2017,934
4,Person,April 2017,153
3,Person,April 2017,121
3,Property,April 2017,1048
1,Property,April 2017,1021
3,Society,April 2017,27
NA,Person,April 2017,14
1,Society,April 2017,77
NA,Property,April 2017,68
2,Person,May 2017,198
1,Person,May 2017,213
3,Person,May 2017,147
2,Property,May 2017,939
4,Person,May 2017,189
1,Property,May 2017,1048
3,Property,May 2017,1193
4,Property,May 2017,1123
NA,Person,May 2017,16
3,Society,May 2017,30
4,Society,May 2017,70
1,Society,May 2017,53
NA,Property,May 2017,76
2,Society,May 2017,45
2,Person,June 2017,151
3,Person,June 2017,142
4,Person,June 2017,200
1,Person,June 2017,234
3,Property,June 2017,1065
2,Property,June 2017,867
1,Property,June 2017,998
4,Property,June 2017,1002
1,Society,June 2017,60
NA,Person,June 2017,13
2,Society,June 2017,49
NA,Property,June 2017,99
1,Person,July 2017,217
2,Person,July 2017,152
3,Person,July 2017,148
4,Person,July 2017,152
1,Property,July 2017,1060
NA,Person,July 2017,16
4,Property,July 2017,948
4,Society,June 2017,81
NA,Property,July 2017,86
3,Property,July 2017,1158
2,Society,July 2017,36
2,Property,July 2017,907
4,Society,July 2017,63
NA,Society,July 2017,5
1,Society,July 2017,77
3,Society,July 2017,29
1,Person,August 2017,212
3,Person,August 2017,160
1,Property,August 2017,998
4,Person,August 2017,209
NA,Person,August 2017,22
2,Person,August 2017,167
4,Property,August 2017,1111
2,Society,August 2017,49
1,Society,August 2017,91
2,Property,August 2017,946
3,Property,August 2017,1129
NA,Property,August 2017,101
3,Society,August 2017,27
1,Person,September 2017,199
2,Person,September 2017,169
4,Person,September 2017,185
NA,Person,September 2017,15
3,Person,September 2017,143
1,Property,September 2017,1001
2,Property,September 2017,887
3,Property,September 2017,1065
4,Property,September 2017,976
NA,Property,September 2017,107
1,Society,September 2017,57
2,Society,September 2017,29
2,Person,October 2017,167
3,Person,October 2017,178
1,Property,October 2017,1052
4,Person,October 2017,197
1,Person,October 2017,211
2,Property,October 2017,1005
3,Property,October 2017,1000
1,Society,October 2017,70
NA,Person,October 2017,17
4,Property,October 2017,1058
3,Society,October 2017,30
NA,Property,October 2017,126
3,Person,November 2017,117
2,Person,November 2017,158
3,Property,November 2017,1030
1,Person,November 2017,179
4,Person,November 2017,187
4,Society,November 2017,53
4,Property,November 2017,938
2,Property,November 2017,851
1,Property,November 2017,1025
2,Society,November 2017,37
NA,Person,November 2017,15
3,Society,November 2017,22
1,Society,November 2017,71
2,Person,December 2017,131
4,Person,December 2017,152
3,Person,December 2017,146
1,Person,December 2017,204
3,Property,December 2017,1018
2,Property,December 2017,1051
1,Property,December 2017,1142
4,Property,December 2017,997
NA,Property,November 2017,82
NA,Person,December 2017,14
4,Society,December 2017,73
NA,Property,December 2017,79
3,Society,December 2017,23
NA,Society,December 2017,3
2,Society,March 2017,21
4,Society,August 2017,64
4,Society,September 2017,81
4,Society,October 2017,99
4,Society,April 2017,79
3,Society,January 2017,20
2,Society,December 2017,32
NA,Society,June 2017,5
1,Society,February 2017,65
2,Society,October 2017,23
4,Society,January 2017,50
3,Society,June 2017,30
3,Society,September 2017,32
3,Society,March 2017,31
NA,Society,August 2017,5
1,Society,December 2017,57
NA,Society,April 2017,7
NA,Society,September 2017,4
NA,Society,March 2017,5
NA,Society,May 2017,4
NA,Society,February 2017,1
NA,Society,October 2017,2
2,Person,January 2018,187
4,Person,January 2018,188
4,Property,January 2018,1091
1,Property,January 2018,1288
1,Person,January 2018,194
2,Property,January 2018,1025
3,Person,January 2018,132
1,Society,January 2018,77
3,Property,January 2018,1090
NA,Person,January 2018,12
NA,Property,January 2018,62
2,Society,January 2018,55
4,Society,January 2018,87
2,Person,February 2018,139
1,Person,February 2018,170
1,Property,February 2018,938
3,Person,February 2018,139
3,Society,February 2018,26
4,Person,February 2018,162
4,Society,February 2018,80
NA,Property,February 2018,66
3,Property,February 2018,948
2,Property,February 2018,829
1,Society,February 2018,54
NA,Person,February 2018,10
4,Property,February 2018,965
2,Society,February 2018,32
1,Person,March 2018,200
NA,Person,March 2018,20
1,Property,March 2018,1092
2,Person,March 2018,154
2,Property,March 2018,847
3,Person,March 2018,133
4,Person,March 2018,190
3,Property,March 2018,1012
4,Property,March 2018,1031
1,Society,March 2018,101
4,Society,March 2018,65
3,Society,March 2018,35
2,Society,March 2018,48
NA,Property,March 2018,59
1,Person,April 2018,199
1,Society,April 2018,78
3,Person,April 2018,142
4,Person,April 2018,157
2,Person,April 2018,158
3,Property,April 2018,990
NA,Person,April 2018,16
2,Property,April 2018,919
4,Property,April 2018,1067
1,Property,April 2018,1118
4,Society,April 2018,60
3,Society,April 2018,42
2,Society,April 2018,41
NA,Property,April 2018,104
1,Property,May 2018,1134
2,Person,May 2018,161
1,Person,May 2018,272
4,Person,May 2018,194
3,Person,May 2018,138
4,Property,May 2018,947
4,Society,May 2018,80
NA,Person,May 2018,22
NA,Property,May 2018,70
2,Property,May 2018,879
3,Property,May 2018,1000
2,Society,May 2018,47
1,Society,May 2018,68
3,Person,June 2018,141
4,Person,June 2018,201
2,Person,June 2018,180
1,Person,June 2018,226
4,Society,June 2018,78
3,Property,June 2018,1022
1,Property,June 2018,1104
NA,Person,June 2018,19
2,Property,June 2018,1006
NA,Property,June 2018,61
3,Society,June 2018,45
4,Property,June 2018,896
NA,Society,June 2018,5
1,Society,June 2018,59
2,Society,June 2018,66
1,Person,July 2018,244
4,Person,July 2018,211
1,Society,July 2018,68
3,Person,July 2018,157
1,Property,July 2018,1083
2,Person,July 2018,183
4,Society,July 2018,66
4,Property,July 2018,920
2,Property,July 2018,1040
NA,Person,July 2018,15
3,Property,July 2018,1006
3,Society,July 2018,33
NA,Property,July 2018,75
3,Person,August 2018,157
3,Property,August 2018,999
1,Person,August 2018,246
2,Person,August 2018,182
4,Person,August 2018,195
1,Property,August 2018,1021
2,Property,August 2018,1117
NA,Person,August 2018,19
2,Society,August 2018,42
1,Society,August 2018,76
4,Property,August 2018,948
NA,Society,August 2018,5
4,Society,August 2018,59
3,Society,August 2018,46
2,Person,September 2018,200
1,Person,September 2018,218
3,Person,September 2018,171
2,Society,September 2018,35
4,Person,September 2018,208
4,Society,September 2018,101
NA,Property,August 2018,52
1,Property,September 2018,982
2,Property,September 2018,1034
NA,Person,September 2018,19
3,Property,September 2018,987
4,Property,September 2018,899
NA,Property,September 2018,40
NA,Society,September 2018,6
4,Person,October 2018,215
1,Person,October 2018,219
3,Person,October 2018,136
NA,Person,October 2018,13
2,Person,October 2018,175
3,Society,October 2018,29
1,Property,October 2018,1114
2,Society,October 2018,38
4,Property,October 2018,988
2,Property,October 2018,1038
3,Property,October 2018,986
1,Society,October 2018,59
NA,Property,October 2018,78
1,Person,November 2018,204
1,Property,November 2018,1020
NA,Person,November 2018,16
NA,Society,November 2018,3
3,Person,November 2018,146
2,Person,November 2018,168
4,Person,November 2018,163
4,Property,November 2018,998
2,Property,November 2018,992
3,Society,November 2018,27
3,Property,November 2018,975
1,Society,November 2018,72
2,Society,November 2018,24
4,Society,November 2018,37
1,Person,December 2018,166
2,Person,December 2018,170
3,Person,December 2018,142
3,Property,December 2018,900
1,Property,December 2018,1025
2,Property,December 2018,997
4,Person,December 2018,181
3,Society,December 2018,39
4,Property,December 2018,880
NA,Person,December 2018,7
NA,Property,December 2018,58
1,Society,December 2018,63
4,Society,December 2018,93
NA,Society,October 2018,3
4,Society,October 2018,49
2,Society,July 2018,39
3,Society,September 2018,36
NA,Property,November 2018,53
3,Society,January 2018,25
NA,Society,December 2018,4
2,Society,December 2018,30
3,Society,May 2018,35
1,Society,September 2018,63
NA,Society,February 2018,4
NA,Society,May 2018,4
NA,Society,January 2018,2
NA,Society,July 2018,7
NA,Society,April 2018,4
1,Person,January 2019,203
3,Person,January 2019,156
2,Person,January 2019,159
4,Person,January 2019,166
3,Property,January 2019,924
2,Property,January 2019,1072
1,Society,January 2019,80
1,Property,January 2019,1009
2,Society,January 2019,37
4,Property,January 2019,937
NA,Person,January 2019,11
3,Society,January 2019,35
NA,Property,January 2019,53
2,Person,February 2019,143
1,Person,February 2019,171
3,Property,February 2019,896
3,Person,February 2019,122
4,Person,February 2019,152
2,Property,February 2019,891
1,Property,February 2019,843
4,Property,February 2019,819
1,Society,February 2019,73
NA,Person,February 2019,18
NA,Property,February 2019,51
NA,Society,February 2019,2
3,Society,February 2019,27
2,Society,February 2019,26
3,Person,March 2019,142
2,Person,March 2019,162
1,Person,March 2019,214
4,Person,March 2019,175
4,Property,March 2019,937
2,Society,March 2019,35
2,Property,March 2019,934
1,Property,March 2019,1023
3,Society,March 2019,35
NA,Person,March 2019,18
1,Society,March 2019,95
3,Property,March 2019,905
NA,Society,March 2019,5
NA,Property,March 2019,61
4,Person,April 2019,163
3,Person,April 2019,142
3,Property,April 2019,936
4,Property,April 2019,812
1,Person,April 2019,219
2,Person,April 2019,148
2,Property,April 2019,998
1,Society,April 2019,78
NA,Person,April 2019,20
1,Property,April 2019,992
2,Society,April 2019,37
4,Society,April 2019,81
3,Society,April 2019,31
3,Person,May 2019,164
4,Person,May 2019,236
3,Property,May 2019,987
NA,Society,April 2019,6
1,Person,May 2019,237
1,Property,May 2019,1007
2,Society,May 2019,27
2,Person,May 2019,178
4,Property,May 2019,909
NA,Person,May 2019,16
2,Property,May 2019,1022
1,Society,May 2019,64
3,Society,May 2019,48
NA,Property,May 2019,67
4,Society,May 2019,70
2,Person,June 2019,213
1,Person,June 2019,274
3,Person,June 2019,152
4,Person,June 2019,222
1,Property,June 2019,974
3,Property,June 2019,904
2,Society,June 2019,44
1,Society,June 2019,73
4,Property,June 2019,907
2,Property,June 2019,935
NA,Person,June 2019,15
4,Society,June 2019,69
3,Society,June 2019,24
1,Person,July 2019,246
1,Society,July 2019,59
3,Person,July 2019,151
2,Person,July 2019,168
3,Property,July 2019,1057
NA,Person,July 2019,19
NA,Property,July 2019,83
4,Person,July 2019,194
2,Property,July 2019,1003
4,Property,July 2019,1001
1,Property,July 2019,1002
4,Society,July 2019,83
3,Society,July 2019,61
3,Property,August 2019,971
1,Person,August 2019,231
1,Society,August 2019,75
1,Property,August 2019,918
3,Person,August 2019,181
2,Property,August 2019,962
4,Person,August 2019,231
2,Person,August 2019,175
NA,Person,August 2019,10
4,Society,August 2019,81
2,Society,August 2019,33
3,Society,August 2019,45
4,Property,August 2019,1050
NA,Society,July 2019,2
1,Person,September 2019,217
2,Property,September 2019,950
2,Person,September 2019,170
3,Person,September 2019,139
1,Property,September 2019,957
NA,Person,September 2019,17
4,Person,September 2019,208
3,Property,September 2019,983
3,Society,September 2019,34
NA,Property,September 2019,57
4,Property,September 2019,978
4,Society,September 2019,65
1,Society,September 2019,60
2,Person,October 2019,180
4,Person,October 2019,180
3,Person,October 2019,170
3,Property,October 2019,1057
1,Person,October 2019,239
2,Property,October 2019,1054
1,Property,October 2019,975
4,Society,October 2019,54
NA,Person,October 2019,14
4,Property,October 2019,937
3,Society,October 2019,42
2,Society,October 2019,25
NA,Property,October 2019,64
1,Society,October 2019,74
1,Person,November 2019,243
3,Person,November 2019,149
2,Person,November 2019,121
4,Person,November 2019,163
2,Society,November 2019,30
2,Property,November 2019,1094
NA,Person,November 2019,38
1,Property,November 2019,904
3,Property,November 2019,927
1,Society,November 2019,62
3,Society,November 2019,36
4,Property,November 2019,979
NA,Property,November 2019,78
NA,Society,November 2019,14
4,Society,November 2019,54
2,Property,December 2019,1135
1,Person,December 2019,226
4,Person,December 2019,176
2,Person,December 2019,144
1,Society,December 2019,55
3,Person,December 2019,134
1,Property,December 2019,988
NA,Person,December 2019,21
NA,Property,December 2019,133
NA,Society,December 2019,16
4,Society,December 2019,48
3,Property,December 2019,1092
4,Property,December 2019,1044
2,Society,December 2019,24
3,Society,December 2019,36
2,Society,September 2019,20
2,Society,July 2019,30
4,Society,March 2019,82
4,Society,February 2019,86
4,Society,January 2019,55
NA,Property,June 2019,67
NA,Property,April 2019,55
NA,Property,August 2019,67
NA,Society,January 2019,5
NA,Society,September 2019,3
NA,Society,October 2019,3
1,Not a Crime,January 2019,1
NA,Society,May 2019,1
NA,Society,June 2019,1
4,Not a Crime,November 2019,1
1,Person,January 2020,241
4,Person,January 2020,176
4,Property,January 2020,992
2,Person,January 2020,150
3,Person,January 2020,155
2,Property,January 2020,1126
NA,Person,January 2020,30
3,Property,January 2020,1060
1,Property,January 2020,1043
4,Society,January 2020,60
1,Society,January 2020,75
3,Society,January 2020,41
2,Society,January 2020,22
NA,Property,January 2020,110
NA,Society,January 2020,23
4,Person,February 2020,154
1,Person,February 2020,230
1,Society,February 2020,90
3,Person,February 2020,153
2,Person,February 2020,163
3,Property,February 2020,959
NA,Person,February 2020,26
3,Society,February 2020,34
2,Property,February 2020,1055
1,Property,February 2020,951
4,Property,February 2020,962
1,Person,March 2020,230
1,Society,March 2020,65
2,Person,March 2020,159
4,Person,March 2020,139
NA,Person,March 2020,27
NA,Property,February 2020,115
NA,Society,February 2020,10
3,Property,March 2020,954
3,Person,March 2020,129
4,Property,March 2020,866
1,Property,March 2020,929
4,Society,March 2020,36
2,Property,March 2020,912
2,Society,March 2020,23
NA,Property,March 2020,96
3,Society,March 2020,39
3,Person,April 2020,135
1,Person,April 2020,197
1,Property,April 2020,893
2,Person,April 2020,146
4,Person,April 2020,128
4,Property,April 2020,913
3,Property,April 2020,930
2,Property,April 2020,890
4,Society,April 2020,48
1,Society,April 2020,87
NA,Person,April 2020,15
3,Society,April 2020,57
2,Society,April 2020,28
2,Person,May 2020,164
1,Person,May 2020,232
4,Person,May 2020,144
3,Person,May 2020,151
1,Property,May 2020,812
NA,Person,May 2020,25
NA,Society,April 2020,13
1,Society,May 2020,83
2,Property,May 2020,862
NA,Property,May 2020,95
3,Property,May 2020,899
4,Property,May 2020,1028
4,Society,May 2020,106
NA,Property,April 2020,72
2,Society,May 2020,21
3,Society,May 2020,54
2,Person,June 2020,112
1,Person,June 2020,217
1,Property,June 2020,741
4,Person,June 2020,171
3,Property,June 2020,840
3,Person,June 2020,118
4,Society,June 2020,40
1,Society,June 2020,28
4,Property,June 2020,1019
2,Property,June 2020,807
NA,Person,June 2020,26
3,Society,June 2020,14
2,Society,June 2020,12
NA,Property,June 2020,56
3,Person,July 2020,127
2,Person,July 2020,172
2,Property,July 2020,912
2,Society,July 2020,18
4,Person,July 2020,197
1,Person,July 2020,241
1,Property,July 2020,944
4,Society,July 2020,35
NA,Person,July 2020,23
4,Property,July 2020,1105
3,Property,July 2020,982
1,Society,July 2020,36
3,Society,July 2020,15
2,Person,August 2020,187
1,Person,August 2020,238
3,Person,August 2020,136
2,Property,August 2020,1079
4,Person,August 2020,190
3,Property,August 2020,1131
NA,Person,August 2020,21
1,Property,August 2020,1047
4,Property,August 2020,1214
1,Property,November 2020,1007
1,Society,August 2020,40
2,Society,August 2020,12
3,Society,August 2020,18
1,Person,September 2020,262
3,Person,September 2020,130
4,Person,September 2020,181
3,Property,September 2020,1158
1,Property,September 2020,1071
2,Person,September 2020,186
4,Society,September 2020,33
2,Property,September 2020,1032
3,Society,September 2020,26
2,Society,September 2020,24
4,Property,September 2020,1127
NA,Person,September 2020,25
1,Society,September 2020,45
NA,Property,September 2020,78
2,Person,October 2020,203
3,Person,October 2020,142
3,Property,October 2020,1237
NA,Person,October 2020,24
1,Person,October 2020,229
4,Person,October 2020,198
4,Property,October 2020,1187
2,Property,October 2020,1104
4,Society,October 2020,23
1,Property,October 2020,1086
1,Society,October 2020,64
3,Society,October 2020,31
2,Society,October 2020,25
NA,Society,October 2020,6
1,Person,November 2020,211
2,Person,November 2020,167
3,Person,November 2020,126
4,Person,November 2020,157
2,Property,November 2020,1044
1,Society,November 2020,45
3,Property,November 2020,1146
NA,Person,November 2020,26
4,Property,November 2020,1078
3,Society,November 2020,15
2,Society,November 2020,32
1,Person,December 2020,220
1,Property,December 2020,921
3,Person,December 2020,117
NA,Person,December 2020,21
4,Person,December 2020,128
4,Society,December 2020,19
2,Person,December 2020,174
4,Property,December 2020,907
2,Society,December 2020,16
2,Property,December 2020,1024
1,Society,December 2020,44
3,Property,December 2020,1095
3,Society,December 2020,19
NA,Property,December 2020,68
NA,Property,August 2020,83
2,Society,February 2020,26
4,Society,February 2020,48
4,Society,August 2020,31
4,Society,November 2020,23
NA,Society,November 2020,4
NA,Property,November 2020,76
NA,Property,July 2020,50
NA,Property,October 2020,93
2,Not a Crime,December 2020,1
NA,Society,May 2020,20
NA,Society,March 2020,14
NA,Society,December 2020,6
NA,Society,August 2020,1
NA,Society,June 2020,1
NA,Society,July 2020,3
NA,Society,September 2020,5
2,Person,January 2021,171
2,Property,January 2021,1049
4,Person,January 2021,152
1,Person,January 2021,216
1,Property,January 2021,905
3,Person,January 2021,124
3,Society,January 2021,25
3,Property,January 2021,885
NA,Person,January 2021,21
4,Property,January 2021,985
1,Society,January 2021,51
2,Society,January 2021,16
NA,Property,January 2021,57
1,Person,February 2021,218
2,Person,February 2021,146
3,Person,February 2021,111
2,Property,February 2021,857
1,Society,February 2021,38
1,Property,February 2021,836
4,Person,February 2021,148
3,Property,February 2021,731
3,Society,February 2021,17
4,Society,February 2021,15
4,Property,February 2021,877
NA,Person,February 2021,15
2,Society,February 2021,7
NA,Property,February 2021,80
2,Person,March 2021,183
4,Person,March 2021,155
3,Person,March 2021,146
1,Person,March 2021,228
4,Property,March 2021,989
1,Society,March 2021,56
3,Property,March 2021,939
3,Society,March 2021,19
2,Property,March 2021,1125
1,Property,March 2021,1010
NA,Person,March 2021,12
NA,Property,March 2021,93
2,Society,March 2021,13
4,Society,March 2021,31
1,Person,April 2021,226
3,Person,April 2021,135
2,Person,April 2021,164
2,Property,April 2021,964
NA,Society,March 2021,9
4,Person,April 2021,171
1,Property,April 2021,811
4,Society,April 2021,30
4,Property,April 2021,1070
3,Property,April 2021,891
3,Society,April 2021,23
2,Society,April 2021,19
NA,Person,April 2021,12
1,Society,April 2021,50
NA,Property,April 2021,54
1,Person,May 2021,240
4,Person,May 2021,177
2,Person,May 2021,194
3,Person,May 2021,159
4,Society,May 2021,58
2,Property,May 2021,1109
1,Property,May 2021,896
NA,Person,May 2021,15
3,Property,May 2021,971
1,Society,May 2021,39
4,Property,May 2021,1053
2,Society,May 2021,20
NA,Property,May 2021,97
3,Society,May 2021,22
1,Person,June 2021,284
4,Person,June 2021,211
3,Person,June 2021,150
2,Person,June 2021,204
4,Society,June 2021,19
1,Property,June 2021,941
2,Property,June 2021,1059
2,Society,June 2021,14
3,Property,June 2021,948
4,Property,June 2021,1069
1,Society,June 2021,43
NA,Person,June 2021,18
NA,Society,May 2021,12
NA,Property,June 2021,92
3,Society,June 2021,18
2,Person,July 2021,253
3,Person,July 2021,175
1,Person,July 2021,307
1,Property,July 2021,1034
4,Person,July 2021,212
2,Property,July 2021,1094
4,Property,July 2021,1197
1,Society,July 2021,28
NA,Person,July 2021,22
3,Property,July 2021,1069
NA,Property,July 2021,84
2,Society,July 2021,15
4,Society,July 2021,33
3,Society,July 2021,18
3,Person,August 2021,165
4,Person,August 2021,202
1,Property,August 2021,1014
1,Person,August 2021,264
2,Person,August 2021,192
4,Property,August 2021,1192
2,Property,August 2021,1226
3,Property,August 2021,1256
NA,Person,August 2021,29
3,Society,August 2021,18
1,Society,August 2021,71
4,Society,August 2021,53
2,Society,August 2021,14
3,Person,September 2021,135
1,Person,September 2021,237
4,Person,September 2021,218
1,Property,September 2021,1022
4,Property,September 2021,1264
2,Person,September 2021,159
2,Society,September 2021,16
2,Property,September 2021,1183
1,Society,September 2021,31
NA,Person,September 2021,17
3,Property,September 2021,1115
3,Society,September 2021,22
NA,Property,September 2021,64
4,Society,September 2021,34
4,Person,October 2021,186
4,Property,October 2021,1459
1,Person,October 2021,254
3,Person,October 2021,153
3,Property,October 2021,1383
2,Person,October 2021,181
1,Property,October 2021,1201
1,Society,October 2021,59
2,Property,October 2021,1407
2,Society,October 2021,20
NA,Person,October 2021,24
NA,Society,January 2021,9
3,Person,November 2021,126
1,Person,November 2021,236
1,Property,November 2021,1207
2,Person,November 2021,141
3,Property,November 2021,1355
4,Property,November 2021,1367
4,Person,November 2021,202
2,Society,November 2021,11
NA,Person,November 2021,24
3,Society,November 2021,12
2,Property,November 2021,1486
1,Society,November 2021,41
NA,Property,November 2021,78
2,Person,December 2021,151
1,Person,December 2021,234
3,Person,December 2021,161
2,Property,December 2021,1509
4,Person,December 2021,164
3,Property,December 2021,1368
4,Society,December 2021,25
1,Property,December 2021,1154
NA,Person,December 2021,24
NA,Society,December 2021,7
4,Property,December 2021,1295
1,Society,December 2021,39
3,Society,December 2021,22
2,Society,December 2021,11
4,Society,January 2021,19
3,Society,October 2021,18
4,Society,November 2021,32
4,Society,October 2021,41
NA,Property,October 2021,56
NA,Property,August 2021,102
NA,Property,December 2021,96
3,Not a Crime,June 2021,1
NA,Society,April 2021,8
NA,Society,July 2021,11
NA,Society,October 2021,12
NA,Society,June 2021,4
NA,Society,August 2021,5
NA,Society,September 2021,3
NA,Society,November 2021,4
NA,Society,February 2021,2
1,Person,January 2022,234
1,Society,January 2022,55
3,Person,January 2022,134
NA,Person,January 2022,15
4,Person,January 2022,183
2,Person,January 2022,165
2,Property,January 2022,1535
4,Property,January 2022,1426
1,Property,January 2022,1216
3,Property,January 2022,1247
4,Society,January 2022,43
NA,Property,January 2022,124
3,Person,February 2022,113
4,Person,February 2022,152
2,Person,February 2022,157
1,Person,February 2022,232
2,Property,February 2022,1310
1,Property,February 2022,943
3,Property,February 2022,1039
1,Society,February 2022,53
NA,Person,February 2022,15
2,Society,February 2022,15
4,Society,February 2022,40
4,Property,February 2022,1234
3,Society,February 2022,19
NA,Property,February 2022,118
1,Person,March 2022,233
2,Person,March 2022,182
4,Person,March 2022,203
3,Person,March 2022,173
1,Property,March 2022,1078
2,Property,March 2022,1497
2,Society,March 2022,16
3,Property,March 2022,1273
4,Property,March 2022,1388
NA,Person,March 2022,23
4,Society,March 2022,54
3,Society,March 2022,20
1,Society,March 2022,55
NA,Society,March 2022,11
NA,Property,March 2022,125
4,Person,April 2022,188
3,Person,April 2022,119
1,Person,April 2022,219
2,Person,April 2022,160
1,Property,April 2022,1111
2,Property,April 2022,1328
4,Property,April 2022,1428
4,Society,April 2022,50
1,Society,April 2022,58
3,Property,April 2022,1131
NA,Person,April 2022,15
2,Society,April 2022,20
NA,Property,April 2022,129
3,Society,April 2022,15
3,Person,May 2022,138
1,Person,May 2022,235
NA,Person,May 2022,22
2,Person,May 2022,179
1,Property,May 2022,973
4,Person,May 2022,209
4,Property,May 2022,1515
3,Society,May 2022,18
3,Property,May 2022,1209
1,Society,May 2022,56
2,Property,May 2022,1307
2,Society,May 2022,15
4,Society,May 2022,32
NA,Property,May 2022,156
2,Person,June 2022,157
1,Person,June 2022,231
3,Person,June 2022,155
4,Person,June 2022,171
1,Society,June 2022,51
3,Property,June 2022,1154
3,Society,June 2022,22
2,Property,June 2022,1134
1,Property,June 2022,951
NA,Person,June 2022,26
2,Society,June 2022,16
4,Society,June 2022,33
4,Property,June 2022,1366
4,Person,July 2022,215
1,Person,July 2022,286
2,Person,July 2022,215
3,Person,July 2022,159
1,Property,July 2022,887
NA,Property,June 2022,133
1,Society,July 2022,53
NA,Person,July 2022,31
3,Society,July 2022,25
2,Property,July 2022,1296
4,Property,July 2022,1395
3,Property,July 2022,1177
4,Society,July 2022,28
2,Society,July 2022,16
2,Person,August 2022,193
3,Person,August 2022,164
1,Person,August 2022,237
3,Property,August 2022,1256
4,Person,August 2022,213
4,Society,August 2022,30
NA,Person,August 2022,30
NA,Property,August 2022,120
2,Property,August 2022,1318
2,Society,August 2022,14
1,Property,August 2022,949
4,Property,August 2022,1387
1,Society,August 2022,46
NA,Society,August 2022,7
3,Society,August 2022,25
1,Person,September 2022,238
2,Person,September 2022,162
4,Person,September 2022,201
3,Person,September 2022,139
1,Society,September 2022,51
4,Property,September 2022,1265
2,Property,September 2022,1246
3,Property,September 2022,1200
NA,Person,September 2022,20
1,Property,September 2022,961
3,Society,September 2022,28
2,Society,September 2022,13
4,Society,September 2022,51
3,Person,October 2022,177
4,Person,October 2022,200
1,Person,October 2022,237
3,Property,October 2022,1328
2,Person,October 2022,170
2,Property,October 2022,1239
2,Society,October 2022,11
NA,Person,October 2022,19
1,Society,October 2022,58
4,Society,October 2022,41
1,Property,October 2022,929
3,Society,October 2022,31
NA,Property,October 2022,65
4,Property,October 2022,1407
1,Person,November 2022,197
3,Person,November 2022,127
3,Society,November 2022,30
2,Person,November 2022,153
4,Person,November 2022,153
1,Property,November 2022,1072
1,Society,November 2022,44
2,Property,November 2022,1317
3,Property,November 2022,1249
2,Society,November 2022,17
NA,Person,November 2022,14
4,Property,November 2022,1362
NA,Society,November 2022,6
4,Society,November 2022,26
1,Person,December 2022,202
2,Person,December 2022,183
2,Property,December 2022,1194
4,Person,December 2022,166
3,Society,December 2022,28
3,Person,December 2022,117
NA,Property,November 2022,99
3,Property,December 2022,1153
2,Society,December 2022,15
1,Property,December 2022,904
4,Property,December 2022,1318
NA,Person,December 2022,17
1,Society,December 2022,45
4,Society,December 2022,26
NA,Property,December 2022,62
NA,Property,July 2022,117
4,Not a Crime,November 2022,1
NA,Property,September 2022,74
2,Society,January 2022,9
3,Society,January 2022,16
NA,Society,June 2022,8
NA,Society,December 2022,6
NA,Society,January 2022,3
NA,Society,October 2022,2
NA,Society,July 2022,7
NA,Society,February 2022,15
NA,Society,April 2022,10
NA,Society,May 2022,4
NA,Society,September 2022,13
2,Person,January 2023,172
4,Person,January 2023,161
3,Person,January 2023,132
3,Society,January 2023,32
1,Person,January 2023,227
1,Society,January 2023,67
2,Society,January 2023,21
1,Property,January 2023,1024
3,Property,January 2023,1140
NA,Person,January 2023,17
2,Property,January 2023,1295
4,Property,January 2023,1579
4,Society,January 2023,31
NA,Society,January 2023,7
4,Person,February 2023,162
NA,Person,February 2023,11
2,Person,February 2023,162
1,Property,February 2023,812
1,Person,February 2023,186
2,Property,February 2023,1088
2,Society,February 2023,16
4,Society,February 2023,31
3,Person,February 2023,117
3,Property,February 2023,923
3,Society,February 2023,34
1,Society,February 2023,39
4,Property,February 2023,1297
2,Person,March 2023,188
3,Person,March 2023,152
4,Person,March 2023,216
1,Property,March 2023,1037
1,Person,March 2023,215
NA,Person,March 2023,13
4,Society,March 2023,38
3,Property,March 2023,1234
2,Property,March 2023,1154
4,Property,March 2023,1525
2,Society,March 2023,14
1,Society,March 2023,43
3,Society,March 2023,24
1,Person,April 2023,212
1,Property,April 2023,955
2,Person,April 2023,183
4,Person,April 2023,210
3,Person,April 2023,164
3,Property,April 2023,919
1,Society,April 2023,62
4,Property,April 2023,1360
2,Property,April 2023,1129
NA,Property,April 2023,99
NA,Property,March 2023,99
4,Society,April 2023,41
3,Society,April 2023,20
NA,Person,April 2023,9
2,Society,April 2023,15
1,Person,May 2023,255
2,Person,May 2023,208
4,Person,May 2023,208
3,Person,May 2023,148
3,Property,May 2023,851
4,Society,May 2023,47
2,Property,May 2023,1051
1,Property,May 2023,906
NA,Person,May 2023,18
1,Society,May 2023,50
4,Property,May 2023,1277
2,Society,May 2023,23
NA,Property,May 2023,71
3,Society,May 2023,23
2,Person,June 2023,203
1,Person,June 2023,209
3,Person,June 2023,158
3,Society,June 2023,34
4,Person,June 2023,242
3,Property,June 2023,833
4,Property,June 2023,1150
1,Property,June 2023,821
NA,Person,June 2023,11
2,Society,June 2023,21
2,Property,June 2023,1027
4,Society,June 2023,42
NA,Society,May 2023,5
1,Society,June 2023,36
1,Person,July 2023,235
3,Person,July 2023,141
3,Property,July 2023,860
3,Society,July 2023,37
4,Person,July 2023,234
1,Society,July 2023,49
2,Person,July 2023,167
4,Property,July 2023,1265
2,Society,July 2023,22
NA,Person,July 2023,18
4,Society,July 2023,34
1,Property,July 2023,916
2,Property,July 2023,1165
3,Property,August 2023,906
3,Person,August 2023,162
1,Person,August 2023,253
2,Person,August 2023,172
2,Property,August 2023,1234
4,Person,August 2023,217
4,Property,August 2023,1442
1,Property,August 2023,838
NA,Person,August 2023,18
1,Society,August 2023,44
2,Society,August 2023,17
3,Society,August 2023,31
NA,Property,August 2023,118
1,Person,September 2023,231
2,Person,September 2023,176
4,Person,September 2023,190
1,Property,September 2023,779
3,Person,September 2023,130
NA,Person,September 2023,9
3,Society,September 2023,32
2,Property,September 2023,1263
4,Property,September 2023,1380
4,Society,September 2023,60
1,Society,September 2023,53
3,Property,September 2023,820
2,Property,October 2023,1360
1,Person,October 2023,210
2,Person,October 2023,164
4,Person,October 2023,215
3,Person,October 2023,118
4,Property,October 2023,1352
1,Property,October 2023,848
2,Society,October 2023,18
NA,Person,October 2023,19
3,Property,October 2023,860
4,Society,October 2023,43
NA,Property,October 2023,51
1,Society,October 2023,42
3,Society,October 2023,38
3,Person,November 2023,121
2,Person,November 2023,154
4,Person,November 2023,181
1,Property,November 2023,764
1,Person,November 2023,205
NA,Person,November 2023,6
3,Property,November 2023,844
2,Property,November 2023,1309
4,Property,November 2023,1277
2,Society,November 2023,42
1,Society,November 2023,41
3,Society,November 2023,34
4,Society,November 2023,37
1,Person,December 2023,229
2,Person,December 2023,160
4,Person,December 2023,204
1,Property,December 2023,772
3,Person,December 2023,118
2,Society,December 2023,33
3,Property,December 2023,911
2,Property,December 2023,1152
NA,Person,December 2023,15
NA,Property,December 2023,47
NA,Society,November 2023,8
3,Society,December 2023,21
NA,Society,December 2023,2
4,Property,December 2023,1148
4,Society,December 2023,41
1,Society,December 2023,38
NA,Society,March 2023,1
4,Society,August 2023,35
NA,Property,February 2023,44
NA,Property,January 2023,85
NA,Property,September 2023,29
NA,Property,June 2023,67
2,Society,September 2023,22
NA,Property,July 2023,50
NA,Property,November 2023,32
NA,Society,September 2023,19
NA,Society,June 2023,8
NA,Society,October 2023,4
NA,Society,April 2023,6
NA,Society,July 2023,4
NA,Society,August 2023,7
NA,Society,February 2023,1
3,Person,January 2024,131
1,Person,January 2024,181
2,Person,January 2024,132
1,Property,January 2024,707
2,Property,January 2024,1147
2,Society,January 2024,21
4,Person,January 2024,175
4,Property,January 2024,970
1,Society,January 2024,53
3,Property,January 2024,766
NA,Person,January 2024,15
NA,Society,January 2024,6
4,Society,January 2024,28
3,Person,February 2024,122
4,Person,February 2024,208
1,Person,February 2024,194
2,Person,February 2024,150
1,Society,February 2024,36
2,Society,February 2024,19
4,Property,February 2024,1071
2,Property,February 2024,1144
1,Property,February 2024,763
NA,Person,February 2024,12
3,Property,February 2024,737
4,Society,February 2024,23
3,Society,February 2024,19
1,Person,March 2024,219
2,Person,March 2024,164
4,Person,March 2024,190
1,Property,March 2024,791
1,Society,March 2024,45
4,Society,March 2024,27
3,Person,March 2024,132
3,Society,March 2024,25
2,Property,March 2024,1149
3,Property,March 2024,763
4,Property,March 2024,983
2,Society,March 2024,26
NA,Person,March 2024,15
NA,Property,March 2024,43
3,Person,April 2024,135
4,Person,April 2024,164
1,Person,April 2024,210
4,Property,April 2024,1030
2,Person,April 2024,150
2,Property,April 2024,1024
3,Property,April 2024,764
4,Society,April 2024,33
1,Property,April 2024,804
NA,Society,March 2024,2
1,Society,April 2024,32
3,Society,April 2024,17
2,Society,April 2024,15
1,Person,May 2024,216
1,Property,May 2024,707
2,Property,May 2024,1079
4,Person,May 2024,186
3,Person,May 2024,130
2,Person,May 2024,162
2,Society,May 2024,18
NA,Property,April 2024,51
3,Property,May 2024,840
1,Society,May 2024,40
4,Property,May 2024,1057
NA,Person,May 2024,15
1,Person,June 2024,220
NA,Property,May 2024,32
3,Person,June 2024,149
4,Property,June 2024,1131
4,Person,June 2024,194
2,Person,June 2024,194
3,Property,June 2024,820
1,Property,June 2024,577
2,Property,June 2024,979
4,Society,June 2024,31
NA,Person,June 2024,11
1,Society,June 2024,43
3,Society,June 2024,37
2,Society,June 2024,18
NA,Society,June 2024,5
NA,Property,June 2024,44
1,Person,July 2024,202
4,Person,July 2024,230
4,Society,July 2024,26
1,Society,July 2024,45
2,Person,July 2024,219
1,Property,July 2024,698
3,Person,July 2024,151
3,Property,July 2024,830
2,Property,July 2024,1191
2,Society,July 2024,22
NA,Person,July 2024,4
4,Property,July 2024,1287
NA,Property,July 2024,52
4,Person,August 2024,200
1,Person,August 2024,241
1,Property,August 2024,774
3,Person,August 2024,140
2,Person,August 2024,202
2,Property,August 2024,1215
1,Society,August 2024,51
NA,Person,August 2024,8
4,Property,August 2024,1325
3,Property,August 2024,810
2,Society,August 2024,22
4,Society,August 2024,40
4,Person,September 2024,199
2,Person,September 2024,197
2,Society,September 2024,22
1,Property,September 2024,734
1,Person,September 2024,258
3,Person,September 2024,147
4,Property,September 2024,1237
3,Property,September 2024,941
2,Property,September 2024,1284
1,Society,September 2024,69
NA,Property,September 2024,36
NA,Person,September 2024,11
4,Society,September 2024,83
3,Society,September 2024,55
1,Person,October 2024,219
3,Person,October 2024,142
1,Property,October 2024,798
1,Society,October 2024,68
2,Person,October 2024,173
NA,Society,October 2024,5
4,Person,October 2024,193
2,Property,October 2024,1201
3,Property,October 2024,844
2,Society,October 2024,35
4,Society,October 2024,96
4,Property,October 2024,1287
NA,Person,October 2024,7
NA,Property,October 2024,73
1,Property,November 2024,688
2,Person,November 2024,149
3,Person,November 2024,132
4,Person,November 2024,161
1,Person,November 2024,177
3,Society,November 2024,40
3,Property,November 2024,869
2,Property,November 2024,1110
NA,Society,July 2024,1
1,Society,November 2024,58
4,Property,November 2024,1133
NA,Person,November 2024,12
2,Society,November 2024,25
NA,Property,November 2024,77
2,Person,December 2024,188
4,Person,December 2024,192
3,Person,December 2024,139
3,Property,December 2024,898
3,Society,December 2024,66
1,Person,December 2024,181
2,Property,December 2024,1185
1,Property,December 2024,737
2,Society,December 2024,25
NA,Person,December 2024,10
4,Property,December 2024,1111
1,Society,December 2024,56
NA,Society,December 2024,7
4,Society,December 2024,72
NA,Property,December 2024,54
NA,Society,August 2024,7
3,Society,October 2024,34
4,Society,November 2024,117
3,Society,May 2024,17
4,Society,May 2024,32
NA,Property,January 2024,34
3,Society,August 2024,26
NA,Property,February 2024,38
3,Society,January 2024,14
NA,Society,February 2024,3
NA,Property,August 2024,71
3,Society,July 2024,26
NA,Society,April 2024,2
NA,Person,April 2024,4
NA,Society,November 2024,4
NA,Society,September 2024,6
NA,Society,May 2024,1
4,Person,January 2025,151
3,Person,January 2025,134
2,Person,January 2025,186
2,Property,January 2025,1118
1,Person,January 2025,174
1,Property,January 2025,748
NA,Person,January 2025,7
4,Property,January 2025,1087
4,Society,January 2025,74
3,Property,January 2025,791
1,Society,January 2025,54
3,Society,January 2025,84
NA,Property,January 2025,46
2,Society,January 2025,31
1,Person,February 2025,176
2,Person,February 2025,168
2,Society,February 2025,25
4,Person,February 2025,156
3,Person,February 2025,131
2,Property,February 2025,992
3,Property,February 2025,676
1,Property,February 2025,588
NA,Person,February 2025,13
4,Society,February 2025,57
3,Society,February 2025,45
4,Property,February 2025,832
4,Person,March 2025,225
3,Person,March 2025,129
2,Person,March 2025,178
1,Person,March 2025,189
1,Society,March 2025,56
NA,Person,March 2025,8
1,Property,March 2025,695
3,Property,March 2025,751
2,Property,March 2025,1054
4,Property,March 2025,1003
4,Society,March 2025,57
2,Society,March 2025,28
3,Society,March 2025,39
3,Person,April 2025,151
2,Person,April 2025,186
1,Person,April 2025,187
4,Person,April 2025,191
4,Property,April 2025,1018
2,Property,April 2025,966
3,Property,April 2025,773
1,Property,April 2025,756
3,Society,April 2025,61
2,Society,April 2025,33
NA,Person,April 2025,9
1,Society,April 2025,78
4,Society,April 2025,57
NA,Property,April 2025,54
2,Person,May 2025,173
1,Person,May 2025,234
4,Person,May 2025,215
3,Person,May 2025,155
2,Property,May 2025,1044
NA,Society,May 2025,3
1,Property,May 2025,752
4,Property,May 2025,1144
NA,Person,May 2025,12
3,Property,May 2025,828
3,Society,May 2025,74
NA,Property,May 2025,66
2,Society,May 2025,25
1,Society,September 2025,46
1,Society,May 2025,63
4,Society,May 2025,159
1,Person,June 2025,197
1,Property,June 2025,663
3,Person,June 2025,143
2,Person,June 2025,203
4,Person,June 2025,237
3,Property,June 2025,830
1,Society,June 2025,44
NA,Person,June 2025,11
NA,Society,June 2025,2
2,Property,June 2025,1072
4,Property,June 2025,1062
2,Society,June 2025,24
4,Society,June 2025,77
3,Society,June 2025,48
4,Person,July 2025,238
1,Person,July 2025,218
2,Person,July 2025,195
4,Property,July 2025,1132
3,Person,July 2025,160
3,Society,July 2025,51
3,Property,July 2025,925
2,Property,July 2025,1077
1,Property,July 2025,707
1,Society,July 2025,56
NA,Person,July 2025,15
2,Society,July 2025,28
4,Person,August 2025,242
2,Person,August 2025,216
3,Person,August 2025,171
1,Person,August 2025,246
1,Property,August 2025,715
1,Society,August 2025,45
3,Society,August 2025,77
2,Property,August 2025,1075
4,Property,August 2025,1140
3,Property,August 2025,875
NA,Person,August 2025,4
2,Society,August 2025,29
2,Person,September 2025,216
NA,Person,September 2025,10
4,Society,August 2025,109
2,Society,September 2025,24
1,Person,September 2025,219
3,Person,September 2025,157
4,Person,September 2025,230
1,Property,September 2025,777
2,Property,September 2025,1059
3,Property,September 2025,965
4,Property,September 2025,1056
4,Society,September 2025,110
3,Society,September 2025,92
1,Person,October 2025,227
4,Person,October 2025,262
2,Person,October 2025,186
3,Person,October 2025,141
NA,Property,September 2025,54
NA,Person,October 2025,11
2,Property,October 2025,1156
1,Property,October 2025,822
3,Property,October 2025,907
2,Society,October 2025,26
4,Property,October 2025,1139
1,Society,October 2025,40
3,Society,October 2025,35
4,Society,October 2025,74
3,Person,November 2025,137
4,Person,November 2025,212
4,Property,November 2025,1040
1,Person,November 2025,224
2,Person,November 2025,184
2,Society,November 2025,19
NA,Person,November 2025,15
1,Property,November 2025,697
3,Property,November 2025,915
1,Society,November 2025,56
4,Society,November 2025,73
2,Property,November 2025,1034
2,Person,December 2025,183
3,Person,December 2025,128
4,Person,December 2025,214
1,Person,December 2025,222
1,Property,December 2025,797
2,Property,December 2025,1243
4,Property,December 2025,1020
1,Society,December 2025,54
3,Property,December 2025,872
2,Society,December 2025,28
NA,Person,December 2025,10
3,Society,December 2025,44
NA,Property,November 2025,58
NA,Property,December 2025,65
4,Society,July 2025,72
1,Society,February 2025,49
NA,Property,July 2025,45
4,Society,December 2025,73
NA,Society,December 2025,5
3,Society,November 2025,40
NA,Property,March 2025,48
NA,Property,June 2025,44
NA,Property,February 2025,55
NA,Property,August 2025,41
NA,Property,October 2025,70
NA,Society,January 2025,7
NA,Society,March 2025,7
NA,Society,July 2025,4
4,Not a Crime,May 2025,1
NA,Society,August 2025,4
NA,Society,February 2025,6
NA,Society,April 2025,6
NA,Society,October 2025,1
NA,Society,September 2025,2
NA,Society,November 2025,2
2,Person,January 2026,162
4,Person,January 2026,214
1,Person,January 2026,198
3,Person,January 2026,113
NA,Person,January 2026,11
2,Property,January 2026,1187
1,Property,January 2026,688
4,Property,January 2026,1078
3,Society,January 2026,46
3,Property,January 2026,820
1,Society,January 2026,48
4,Society,January 2026,81
2,Society,January 2026,31
2,Person,February 2026,142
1,Person,February 2026,178
3,Person,February 2026,135
4,Property,February 2026,911
1,Property,February 2026,635
3,Property,February 2026,766
4,Person,February 2026,167
4,Society,February 2026,87
NA,Person,February 2026,12
NA,Property,February 2026,52
2,Property,February 2026,1073
NA,Society,February 2026,10
NA,Property,January 2026,62
1,Society,February 2026,79
2,Society,February 2026,32
3,Society,February 2026,42
NA,Society,January 2026,2
