course,stats_background,class_standing,num_courses_past,major,residential_college,dining_hall,GPA_uni,gender,hours_study,birth_month,age,height,shoe_size,weight,calories,exercise,sleep_start,sleep_duration,social_media,smart_phones,baseball,football,basketball,hockey,politics,religious,sexuality,happiness_campus,happiness_city,anxious_201,high_school_type,college_transition,drug_use,first_generation,languages_spoken,making_friends,campus_sports,office_hours,study_groups,financial_planning,happiness,intelligence,attractiveness,favorite_color,favorite_number,showering,brushing_teeth,flossing,hair_washing,water_drinking,financial_aid,future_career,siblings,favorite_movie,loneliness,organized,GPA_HS,SAT,social_active,num_friends,music_studying,family_influence,living_on_campus,college_job,campus_groups,attendance,pancakes_waffles,coffee_tea,dogs_cats,ocean_snow,pineapple_pizza,spicy_food,campus_acceptance,social_media_duration,continents,superhero,supervillain,season,handedness,musical,campus_safety,campus_resources,laundry,favorite_class,favorite_teacher,uni_applied,gap_year,survey_comfort
SML 201,No,Senior,31,Chemistry,Yeh College,Yeh,NA,Male,24,August,21,70,9.5,160,1200,5,2 AM,7,Instagram,iPhone,Los Angeles Dodgers,NA,Los Angeles Lakers,NA,37,20,0,90,90,30,public school,70,No,No,1.2,90,Yes: intramural team,90,50,Yes,85,70,45,blue,4,7,13,0,7,2,0,70,1,Star Wars,40,75,NA,NA,55,20,Yes,0,Yes,No,Yes,70,waffles,tea,cats,ocean,tolerable,3,100,7,3,Spider-Man,Doctor Doom,Spring,right-handed,No,90,70,2,EAS 224,Dr. VanderKam,20,No,90
SML 201,No,Sophomore,14,Molecular Biology,Mathey,Yeh,NA,Female,NA,August,20,67,6.5,115,NA,8,12 midnight,7,Instagram,iPhone,Texas Rangers,Dallas Cowboys,Dallas Mavericks,Dallas Stars,NA,80,0,92,85,35,private school,NA,No,No,1,90,Yes: athletic scholarship,75,80,No,90,80,NA,Purple,37,9,NA,NA,3,NA,NA,70,2,NA,NA,NA,NA,NA,NA,NA,Yes,NA,Yes,No,Yes,98,pancakes,(neither),dogs,ocean,NA,NA,90,NA,2,NA,NA,Fall,right-handed,"Yes, casually",NA,NA,NA,NA,NA,1,No,90
SML 201,No,Sophomore,12,Molecular Biology,Rockefeller,Yeh,NA,Female,NA,July,19,NA,5,130,1500,2,1 AM,6,Instagram,iPhone,NA,NA,NA,NA,0,60,0,100,80,100,private school,50,No,Yes,2,60,No,50,80,No,70,60,60,pink,11,7,7,2,3,3,70,80,2,Dead Poets Society,50,70,NA,NA,70,15,Yes,NA,Yes,No,Yes,95,pancakes,tea,dogs,ocean,No!,NA,NA,3,NA,NA,NA,Fall,right-handed,"Yes, casually",80,80,4,NA,NA,21,No,60
SML 201,Yes: AP Statistics,Sophomore,12,Anthropology,Rockefeller,Whitman,3.89,Male,21,January,19,71,11,172,3000,8,12 midnight,7,Instagram,iPhone,Pittsburgh Pirates,Pittsburgh Steelers,Los Angeles Lakers,Pittsburgh Penguins,10,30,5,90,60,30,public school,50,Yes,No,1.5,70,Yes: intramural team,100,40,Yes,70,90,75,green,6,7,14,0,7,18,100,80,1,hunger games ,20,80,4,1540,60,25,Yes,30,Yes,No,Yes,99,waffles,coffee,dogs,ocean,No!,3,70,3,2,green arrow ,octoman,Summer,left-handed,No,100,80,5,FRS 135,Susanna Moore ,2,No,100
SML 201,No,Sophomore,14,Neuroscience,Rockefeller,Yeh,3.5,Female,10,May,19,52,7.5,128,1200,2,1 AM,5,"Instagram,LinkedIn,Pinterest,Twitter (X)",(none),New York Mets,NA,"Brooklyn Nets,Denver Nuggets",NA,100,29,2,67,8,78,public school,67,No,Yes,2.3,59,No,87,89,No,78,99,100,red,11,7,14,7,1,2,100,0,4,avatar,50,38,4,NA,37,7,Yes,50,Yes,Yes,Yes,98,pancakes,tea,cats,ocean,tolerable,6,67,7,2,NA,NA,Summer,right-handed,No,98,89,4,Twi 105,Hannah Essien,NA,No,67
SML 201,Yes: AP Statistics,Sophomore,13,Molecular Biology,New College West,New College West,3.35,Female,15,January,20,61,6,105,1500,1,11 PM,7,Instagram,iPhone,Boston Red Sox,New York Giants,Los Angeles Lakers,Boston Bruins,30,75,0,70,30,80,public school,80,No,Yes,3,80,No,60,60,No,70,80,70,Blue,10,11,14,7,2,2,80,90,4,Home Alone,70,40,3.9,1510,60,5,No,50,Yes,No,Yes,100,waffles,tea,dogs,ocean,No!,4,70,5,1,Spider-Man,The joker,Summer,right-handed,"Yes, casually",90,70,1,AAS 356,"****************
Erik J. Sorensen
****************",10,No,40
SML 201,No,Sophomore,16,Molecular Biology,Mathey,Yeh,NA,Female,NA,July,19,63,7.5,NA,NA,NA,1 AM,6,"Instagram,LinkedIn",iPhone,NA,NA,NA,NA,NA,NA,NA,NA,NA,NA,public school,NA,NA,No,2,NA,No,NA,NA,NA,NA,NA,NA,Blue,7,NA,14,7,NA,NA,100,NA,NA,NA,NA,NA,4,NA,NA,NA,Yes,NA,Yes,Yes,Yes,NA,waffles,tea,NA,ocean,tolerable,NA,NA,NA,NA,NA,NA,Summer,right-handed,Yes. heavily practiced,NA,NA,NA,NA,NA,10,No,NA
SML 201,Yes: a statistics college course,Junior,22,Economics,Whitman,Yeh,3.9,Male,20,August,20,69,10.5,135,2200,7,1 AM,8,"Instagram,LinkedIn",iPhone,Washington Nationals,Washington Redskins,Washington Wizards,Washington Capitals,50,90,0,90,90,25,private school,75,No,No,2.5,50,No,90,90,No,90,80,65,Red,7,7,14,7,7,10,50,90,1,Avengers,30,80,4,1560,80,20,Yes,50,Yes,No,Yes,90,pancakes,coffee,dogs,ocean,Yes!,4,90,3,3,Superman,Joker,Summer,right-handed,"Yes, casually",95,100,4,POL332,Shilo Brooks,17,No,100
SML 201,Yes: AP Statistics,Senior,NA,Molecular Biology,Yeh College,Yeh,4,Female,60,June,18,64,7,120,1500,2,10 PM,8,LinkedIn,iPhone,Philadelphia Phillies,Philadelphia Eagles,"Miami Heat,Oklahoma City Thunder,Philadelphia 76ers",Philadelphia Flyers,30,50,1,40,30,80,public school,60,No,No,1.7,20,No,70,0,No,50,50,30,Green,27,7,14,14,1,30,0,50,3,Despicable Me 2,40,50,4,1570,40,4,No,30,No,No,No,100,waffles,(neither),cats,ocean,No!,5,70,0,6,Iron Man,Megamind,Fall,right-handed,No,70,60,2,MOL 214,Professor Selinger,3,No,50
SML 201,Yes: AP Statistics,Junior,21,Molecular Biology,Rockefeller,NA,NA,Female,NA,August,20,62,NA,NA,NA,NA,1 AM,NA,NA,NA,NA,NA,NA,NA,NA,0,NA,NA,NA,NA,public school,NA,No,No,NA,NA,No,NA,NA,No,NA,NA,NA,Green,NA,NA,14,7,NA,NA,NA,NA,1,NA,NA,NA,NA,NA,NA,NA,Yes,NA,NA,Yes,NA,NA,pancakes,tea,cats,ocean,Yes!,NA,NA,NA,2,NA,NA,NA,right-handed,"Yes, casually",NA,NA,NA,NA,NA,19,No,NA
SML 201,Yes: AP Statistics,Junior,21,Neuroscience,New College West,New College West,2.81,Female,20,May,21,65,8,150,2700,4,12 midnight,9,Instagram,iPhone,NA,Tampa Bay Buccaneers,NA,Tampa Bay Lightning,95,85,0,90,100,40,public school,20,No,Yes,3.2,90,No,30,60,No,95,75,65,Purple,2,4,12,0,4,2,70,80,1,The Truman Show,5,90,4,1350,60,30,Yes,15,Yes,Yes,Yes,90,pancakes,coffee,cats,ocean,tolerable,6,90,4,3,Spiderman,Elfaba,Spring,right-handed,No,95,85,3,EGR361,Kelly Noonan,21,No,95
SML 201,Yes: AP Statistics,Sophomore,15,Molecular Biology,Rockefeller,Yeh,3.976,Male,25,February,19,72,11,145,2400,5,1 AM,7,Instagram,iPhone,Texas Rangers,Dallas Cowboys,Dallas Mavericks,Dallas Stars,85,18,1,70,80,10,public school,95,No,No,2.8,60,No,75,30,No,85,90,50,Navy,14,7,14,7,4,8,0,80,1,Marty Supreme,20,40,NA,1560,80,50,Yes,30,Yes,Yes,Yes,100,waffles,coffee,dogs,ocean,tolerable,3,60,0.5,5,The Flash,Thanos,Fall,right-handed,Yes. heavily practiced,90,90,4,CHM 304,Professor Erik Sorensen,18,No,100
SML 201,No,Sophomore,NA,Psychology,Whitman,Forbes,NA,Female,10,August,NA,61,4,164,NA,7,10 PM,7,"Instagram,Pinterest",iPhone,NA,NA,NA,NA,NA,NA,2,70,40,85,public school,60,No,No,4,10,No,30,40,No,80,90,100,pink,4,14,14,5,NA,NA,100,40,2,NA,70,90,NA,NA,20,3,Yes,50,No,Yes,Yes,100,pancakes,coffee,cats,ocean,Yes!,3,9,1,2,NA,Loki,Summer,right-handed,"Yes, casually",80,80,4,NA,NA,16,Yes,70
SML 201,Yes: AP Statistics,Sophomore,13,Economics,Rockefeller,Rockefeller,NA,Female,14,June,19,64,8,NA,NA,1,1 AM,6,"Instagram,LinkedIn",iPhone,Arizona Diamondbacks,Arizona Cardinals,"Golden State Warriors,Phoenix Suns",NA,NA,5,NA,NA,NA,NA,charter school,40,No,No,2.5,NA,No,NA,NA,Yes,80,75,75,Red,3,NA,NA,NA,NA,NA,NA,60,1,NA,5,40,3.99,1560,NA,10,No,NA,Yes,No,NA,NA,waffles,tea,dogs,ocean,tolerable,NA,NA,0.5,4,NA,NA,Spring,right-handed,"Yes, casually",NA,NA,NA,NA,NA,22,No,50
SML 201,Yes: AP Statistics,Sophomore,13,Neuroscience,Rockefeller,Rockefeller,3,Male,15,July,18,70,14,168,2500,4,2 AM,6,Instagram,iPhone,Houston Astros,Houston Texas,Houston Rockets,"Dallas Stars,Detroit Red Wings",40,70,0,50,75,30,public school,20,No,No,1.8,64,No,47,32,No,24,65,45,Orange,17,7,14,12,7,10,90,20,1,Spider-Man: Across the Spider Verse,45,32,4,1510,26,30,No,76,Yes,No,Yes,95,waffles,(neither),cats,ocean,No!,5,70,1,4,Wally West,The Riddler,Summer,right-handed,Yes. heavily practiced,95,68,4,MUS 310,Steven Mackey,17,No,95
SML 201,"Yes: a (non-AP) Statistics course in high school,No",Sophomore,15,other,Butler,New College West,3.3,Male,8,January,20,69,9,165,2300,6,12 midnight,6,"Instagram,LinkedIn",iPhone,New York Yankees,Philadelphia Eagles,Golden State Warriors,New York Rangers,30,20,0,40,70,80,public school,50,No,Yes,3,90,Yes: intramural team,100,50,Yes,70,60,80,Black,15,10,14,14,7,5,100,70,1,Limitless,10,100,4,1330,30,10,Yes,0,Yes,Yes,No,90,pancakes,coffee,dogs,ocean,tolerable,4,70,3,3,Spider Man,Joker,Summer,right-handed,"Yes, casually",100,100,5,ECE206,Hossein Valavi,7,No,100
SML 201,No,Junior,23,Computer Science,Whitman,Rockefeller,NA,Female,4,October,21,65,8,127,NA,2,9 PM,8,Instagram,iPhone,NA,NA,NA,NA,NA,NA,NA,70,70,30,public school,50,No,No,3.75,30,No,70,80,No,60,80,90,purple,2,7,14,7,NA,1,100,50,4,memento,50,60,NA,NA,70,8,Yes,20,Yes,No,Yes,90,pancakes,(neither),cats,ocean,tolerable,2,70,4,2,NA,NA,Fall,right-handed,No,90,85,4,CWR 201,Prof Patricia Smith,5,Yes,75
SML 201,Yes: a statistics college course,Sophomore,14,other,Yeh College,Yeh,3.79,Male,3,February,19,77,13,216,3900,12,10 PM,7,"Instagram,LinkedIn",iPhone,NA,NA,NA,Tampa Bay Lightning,75,55,0,93,77,0,private school,70,Yes,No,1.4,50,Yes: athletic scholarship,60,60,No,90,90,80,Teal,48,10,13,0,0.5,6,70,40,2,The Grand Budapest Hotel,8,70,NA,NA,0,10,Yes,0,Yes,No,No,80,pancakes,tea,dogs,ocean,No!,0,80,2,3,Deadpool,Venom,Spring,right-handed,No,100,50,2,COS 226,Biao Lian,1,No,100
SML 201,Yes: AP Statistics,Sophomore,14,Chemical and Biological Engineering,New College West,New College West,3.91,Male,30,May,19,72,12,173,3000,20,12 midnight,7,NA,iPhone,NA,"Buffalo Bills,Kansas City Chiefs,Philadelphia Eagles",Oklahoma City Thunder,"Philadelphia Flyers,Tampa Bay Lightning",NA,80,NA,80,90,85,public school,20,No,No,NA,90,Yes: athletic scholarship,90,65,Yes,80,NA,NA,Blue,NA,10,15,3,10,15,50,60,3,Star Wars,50,85,4,NA,85,30,Yes,0,Yes,No,Yes,99,waffles,(neither),dogs,snow,tolerable,0,85,0,3,Iron Man,Thanos,Summer,right-handed,No,90,95,5,PHY 104,Professor Lyman Page,12,No,70
SML 201,No,Sophomore,13,Geosciences,Whitman,Rockefeller,3.8,Female,NA,September,19,68,10,160,NA,3.5,12 midnight,7,Pinterest,iPhone,NA,NA,NA,NA,NA,NA,NA,90,90,NA,private school,90,No,No,1.6,45,Yes: intramural team,75,75,Yes,75,NA,NA,Royal blue,NA,7,14,14,7,2,95,80,1,Jurassic Park (the first and original one),90,75,NA,NA,70,40,Yes,20,No,No,Yes,90,waffles,tea,NA,ocean,Yes!,3,NA,0.5,1,Batman,NA,NA,left-handed,"Yes, casually",NA,NA,4,AST/GEO/CHM 255,Bess Ward,13,No,80
SML 201,Yes: AP Statistics,Sophomore,14,Princeton School of Public and International Affairs,Whitman,Yeh,3.82,Female,25,January,20,64,7.5,130,2000,7,11 PM,8,Instagram,iPhone,Los Angeles Dodgers,Denver Broncos,Los Angeles Lakers,NA,10,10,0,50,50,50,public school,90,No,No,1.7,50,No,70,50,No,100,NA,NA,yellow,12,7,10,1,3.5,10,60,50,2,La La Land,50,50,4,1470,50,10,Yes,0,Yes,No,Yes,97,pancakes,coffee,dogs,snow,Yes!,1,60,2,3,I don't like superheroes.,vector (Despicable Me) ,Spring,right-handed,No,100,50,5,PSY 254,Rosina Lozano ,21,No,100
SML 201,Yes: a (non-AP) Statistics course in high school,Sophomore,12,Ecology and Evolutionary Biology,New College West,Whitman,3.925,Male,12,July,19,73,13,215,4000,2,2 AM,7,Instagram,iPhone,"Houston Astros,New York Yankees,Toronto Blue Jays",Buffalo Bills,"Golden State Warriors,New York Knicks","Pittsburgh Penguins,Toronto Maple Leafs",4,23,3,73,78,38,public school,80,Yes,No,3.8,29,No,86,65,No,82,80,71,Blue,144,6,10,0,2,3,5,59,0,Silence of the Lambs,30,17,4,1570,84,25,Yes,14,Yes,Yes,Yes,85,waffles,tea,cats,ocean,Yes!,5,57,4,6,Miles Morales (Spider-Man),Team Rocket (Pokémon),Summer,right-handed,Yes. heavily practiced,91,70,1,EEB 313,Dr. Christina Riehl,14,No,88
SML 201,No,Senior,35,other,Mathey,New College West,3.96,Female,NA,May,21,64,7.5,NA,NA,NA,12 midnight,7,Instagram,iPhone,NA,NA,NA,New Jersey Devils,0,30,A,40,50,70,public school,100,No,No,4,30,NA,NA,NA,Yes,20,80,70,Pink,363,4,14,7,NA,7,0,0,1,Nobody,60,40,4,1590,NA,NA,Yes,25,Yes,Yes,Yes,90,waffles,tea,cats,ocean,Yes!,3,NA,NA,3,Chat Noir,Melania Trump,Spring,right-handed,"Yes, casually",100,60,4,HUM 216,NA,3,No,90
SML 201,Yes: a statistics college course,Sophomore,14,other,Mathey,Forbes,3.35,Male,8,August,20,70,11,156,4000,22,10 PM,8,NA,Android,San Franciso Giants,San Francisco 49ers,Golden State Warriors,"Pittsburgh Penguins,San Jose Sharks",95,100,0,80,99,10,private school,58,No,No,2,0,Yes: athletic scholarship,82,67,Yes,71,64,12,Neon black,19,10,7,0,10,8,100,1,2,Inception,76,79,3.86,1480,0,16,Yes,10,Yes,No,Yes,88,pancakes,tea,dogs,ocean,Yes!,2,100,2,4,Captain America,bowser,Fall,right-handed,Yes. heavily practiced,100,98,4,CEE102A,Michael Littman,1,No,100
SML 201,No,Sophomore,13,Princeton School of Public and International Affairs,Butler,New College West,NA,Female,10,November,19,66,9,167,2000,5,11 PM,6,"Facebook,Instagram,LinkedIn,Pinterest,Twitter (X)",iPhone,Arizona Diamondbacks,Baltimore Ravens,Chicago Bulls,Florida Panthers,0,40,3,50,100,100,charter school,100,No,Yes,2,50,No,100,0,No,80,60,40,Gold,26,7,7,7,2,3,100,100,4,Incredibles,50,70,4,1300,70,3,No,90,Yes,Yes,Yes,80,waffles,tea,cats,ocean,No!,7,70,9,3,Moonknight ,Joker,Summer,right-handed,No,100,100,3,International Organization ,James Vreeland,20,No,70
SML 201,Yes: AP Statistics,Sophomore,10,Princeton School of Public and International Affairs,New College West,New College West,3.75,Female,25,March,19,66,8.5,140,NA,3,12 midnight,7,"Instagram,LinkedIn,Pinterest",iPhone,Chicago Cubs,Chicago Bears,Chicago Bulls,Chicago Blackhawks,60,95,0,85,80,90,public school,70,No,No,2.5,80,No,67,35,No,89,76,67,pink,7,5,14,7,3,7,80,56,3,The Sound of Music34,34,56,3.9,1530,79,35,Yes,34,Yes,No,Yes,95,pancakes,coffee,cats,ocean,tolerable,5,80,1,3,Spiderman,NA,Fall,right-handed,"Yes, casually",85,67,7,SPA 207S,Mehmet Hecan,17,No,98
SML 201,No,Sophomore,13,Princeton School of Public and International Affairs,Forbes,Whitman,3.9,Female,10,February,19,63,NA,121,NA,5,12 midnight,7,"Pinterest,Tumblr",iPhone,NA,NA,Golden State Warriors,NA,0,NA,NA,70,70,80,public school,70,No,Yes,2.5,90,No,60,50,Yes,70,75,65,Green ,5,NA,14,NA,NA,4,100,50,2,NA,NA,70,4,NA,90,30,Yes,40,Yes,Yes,Yes,95,pancakes,coffee,dogs,ocean,Yes!,4,80,5,1,NA,NA,Spring,left-handed,No,NA,NA,4,NA,NA,17,No,85
SML 201,No,Sophomore,13,other,Butler,New College West,3.876,Male,20,June,19,71,12,170,2500,8,1 AM,6.5,"Instagram,LinkedIn",iPhone,San Diego Padres,New Orleans Saints,NA,NA,15,85,1,85,85,70,private school,80,Yes,No,1.5,75,Yes: intramural team,80,80,No,80,90,65,Blue,2,7,15,1,4,15,50,35,1,Interstellar or Dead Poet's Society,20,30,3.93,1580,75,30,Yes,10,Yes,Yes,Yes,90,pancakes,tea,cats,ocean,tolerable,5,75,1,3,Batman,Joker,Fall,right-handed,Yes. heavily practiced,95,65,3,PHI211,Eleanor Gordon-Smith,14,No,70
SML 201,No,Sophomore,13,Molecular Biology,Whitman,Forbes,3.575,Female,25,December,20,66,8.5,145,2500,20,11 PM,7,"Instagram,Pinterest",iPhone,Tampa Bay Rays,"Buffalo Bills,Miami Dolphins",Charlotte Hornets,"Florida Panthers,Toronto Maple Leafs",39,0,0,100,100,67,private school,100,Yes,No,3,40,Yes: athletic scholarship,100,50,Yes,97,75,75,green,12,12,14,7,6,10,0,100,3,How to Train a Dragon,10,80,4,NA,78,40,Yes,30,Yes,Yes,Yes,98,waffles,coffee,cats,ocean,tolerable,2,90,1,4,thor ragnorok,NA,Summer,right-handed,No,100,100,5,MOL 214,Dr. Notterman,1,No,100
SML 201,Yes: AP Statistics,Sophomore,13,Psychology,New College West,Whitman,NA,Male,NA,NA,21,NA,NA,NA,NA,NA,2 AM,NA,NA,iPhone,NA,NA,NA,NA,NA,NA,NA,0,10,40,public school,NA,NA,NA,NA,NA,NA,NA,NA,No,NA,NA,NA,NA,NA,NA,NA,NA,4,NA,NA,NA,1,NA,NA,NA,4,NA,NA,NA,Yes,NA,No,NA,Yes,NA,NA,coffee,NA,NA,tolerable,6,NA,NA,5,NA,NA,NA,right-handed,NA,NA,NA,NA,NA,NA,NA,Yes,80
SML 201,No,Sophomore,13,Ecology and Evolutionary Biology,Forbes,Yeh,3.092,Male,NA,January,20,71,10,170,4000,12,10 PM,8,Instagram,iPhone,Colorado Rockies,Buffalo Bills,Denver Nuggets,Colorado Avalanche,45,85,6,80,90,100,public school,70,No,No,1.3,70,Yes: athletic scholarship,90,30,Yes,80,80,80,blue,2,14,14,0,1,6,70,90,3,The Housemaid,10,80,4,NA,50,10,No,10,Yes,No,Yes,90,pancakes,coffee,dogs,ocean,tolerable,0,85,1,1,flash,megamind,Summer,right-handed,No,95,90,2,HIS 306,Rosiana Lozano ,2,No,0
SML 201,Yes: a (non-AP) Statistics course in high school,Sophomore,12,Molecular Biology,Rockefeller,New College West,3.5,Female,20,September,20,64,8,130,1700,14,10 PM,8,Instagram,iPhone,Boston Red Sox,New England Patriots,New York Knicks,Edmonton Oilers,30,20,6,90,90,80,private school,100,No,No,1.75,70,Yes: athletic scholarship,20,40,No,90,60,50,Green ,10,9,14,0,3,6,10,20,1,Pitch Perfect ,5,70,NA,NA,0,20,Yes,0,Yes,No,No,100,waffles,tea,dogs,ocean,No!,0,70,2,3,Spiderman ,Voldermort ,Fall,right-handed,No,80,80,3,AMS 275,Dr L'Esperance ,6,No,100
SML 201,No,Sophomore,13,Molecular Biology,New College West,New College West,3.4,Male,40,January,21,68,9.5,185,2000,8,2 AM,6,"Instagram,LinkedIn,Twitter (X)",iPhone,New York Yankees,Buffalo Bills,"Golden State Warriors,Los Angeles Lakers",New Jersey Devils,0,50,0,100,100,100,religious institution,60,Yes,Yes,2,60,No,80,70,No,100,65,70,black,8,9,20,10,9,5,100,80,2,scott pilgrim vs the world ,0,90,NA,NA,70,15,Yes,0,Yes,Yes,Yes,100,pancakes,coffee,cats,ocean,tolerable,3,80,3,1,batman,green goblin,Summer,right-handed,No,80,100,4,VIS 211,Anthar Darwish,9,Yes,90
SML 201,No,Sophomore,13,Geosciences,Butler,New College West,3.8,Female,15,February,21,54,9.5,130,2000,6,1 AM,7,"Facebook,Instagram",iPhone,Seattle Mariners,Seattle Seahawks,Golden State Warriors,Toronto Maple Leafs,0,20,3,39,70,80,public school,80,Yes,No,2.3,85,No,70,85,Yes,65,50,50,Green like the forest as the sun filters through the trees,777,7,14,7,4,10,0,45,2,My favorite movie is Everything Everywhere All at Once,75,75,3.999,1350,65,50,Yes,53,Yes,Yes,Yes,93,pancakes,tea,cats,ocean,Yes!,4,71,0.75,4,"Not sure, I don't really read or watch superhero related things",Not sure because I do not really watch or read superhero/ villain things,Spring,right-handed,No,89,79,6,ANT301,Karin McDonald,12,Yes,100
SML 201,No,Sophomore,14,Geosciences,Forbes,Forbes,3.82,Female,15,July,20,65,7,140,NA,2,12 midnight,7,"Instagram,LinkedIn",iPhone,NA,Seattle Seahawks,Miami Heat,NA,25,25,2,70,80,60,religious institution,75,No,No,1.3,40,Yes: intramural team,80,30,Yes,90,70,70,purple,7,7,14,0,2.5,5,0,40,1,Alex Strangelove,35,40,3.99,1530,20,25,No,0,Yes,Yes,Yes,96,pancakes,coffee,dogs,snow,Yes!,3,55,1,4,Spider Man (Andrew Garfield),Joker (Heath Ledger),Fall,right-handed,"Yes, casually",98,70,2.5,CBE 225,Dr. Erin Raffety,9,No,90
SML 201,No,Sophomore,12,Ecology and Evolutionary Biology,Yeh College,Mathey,3.89,Male,15,August,19,72,11,165,2700,5,1 AM,8,"Instagram,LinkedIn,Twitter (X)",iPhone,Houston Astros,New Orleans Saints,New Orleans Pelicans,Dallas Stars,80,80,0,90,90,80,public school,50,Yes,No,1.5,80,Yes: sports club,100,50,Yes,75,80,80,Orange,3,10,15,8,7,7,0,60,2,Good Will Hunting,40,60,4,1400,30,16,No,20,No,No,Yes,99,waffles,coffee,dogs,ocean,No!,5,75,2,3,Spider-Man,Darth Vader,Summer,right-handed,No,100,70,4,WRI 187,Sonja Francis,22,No,100
SML 201,No,Sophomore,12,Molecular Biology,Whitman,Whitman,3.558,Female,30,April,19,60,7,112,1500,5,2 AM,7,Instagram,iPhone,New York Mets,"Minnesota Vikings,New York Giants,New York Jets",New York Knicks,"Minnesota Wild,Montreal Canadiens,New York Rangers",20,50,1,40,50,60,public school,30,No,No,2.2,40,No,30,60,Yes,60,70,60,Yellow,9,5,14,14,3,5,0,60,1,The Princess Bride,60,60,4,1500,50,25,Yes,50,Yes,No,Yes,90,pancakes,tea,dogs,snow,No!,2,60,1,4,Superman,Joker,Spring,right-handed,Yes. heavily practiced,80,60,4,ART 233,Michael Hecht,5,No,70
SML 201,Yes: AP Statistics,Sophomore,14,Computer Science,Yeh College,Yeh,3.8,Male,8,August,19,69,8,135,2000,7,3 AM,6,Instagram,iPhone,New York Yankees,Houston Texas,Houston Rockets,Ottawa Senators,50,100,0,90,90,20,public school,80,No,No,2,80,Yes: intramural team,80,50,No,70,70,70,Purple,7,7,14,5,7,4,30,60,2,Kung Fu Panda,20,50,3.9,1530,50,15,No,30,Yes,Yes,Yes,50,waffles,tea,cats,ocean,tolerable,5,70,1,2,Kung Fu Panda,Gru,Fall,right-handed,No,100,70,3,CHM201,Professor Nishikawa,3,No,100
SML 201,Yes: AP Statistics,Sophomore,14,Economics,Yeh College,Yeh,NA,Female,NA,January,20,62,7,115,NA,NA,1 AM,7,"Instagram,LinkedIn",iPhone,NA,Carolina Panthers,Golden State Warriors,NA,NA,NA,0,NA,NA,51,public school,NA,No,Yes,2.5,NA,No,90,20,No,90,NA,NA,Pink,6,7,14,NA,NA,NA,NA,NA,1,NA,NA,70,4,1520,80,NA,No,3,Yes,Yes,Yes,NA,pancakes,coffee,cats,ocean,Yes!,3,NA,NA,2,NA,NA,Summer,right-handed,"Yes, casually",NA,NA,8, ECO 101,NA,10,No,50
SML 201,Yes: AP Statistics,Sophomore,13,Molecular Biology,Whitman,Whitman,3.7,Female,3,March,19,65,7.5,140,1500,5,12 midnight,8,Instagram,iPhone,Los Angeles Dodgers,Philadelphia Eagles,Los Angeles Lakers,New Jersey Devils,25,45,1,70,90,80,public school,65,Yes,No,4,90,No,95,70,Yes,67,43,55,Navy Blue,9,7,14,5,1,3,60,100,1,Parasite ,55,90,3.97,1510,85,20,Yes,0,Yes,Yes,Yes,98,pancakes,coffee,dogs,ocean,tolerable,6,75,2,4,Batman ,Cat woman,Spring,right-handed,No,100,100,3,SAS200,Colter Brainard,15,No,100
SML 201,Yes: AP Statistics,Sophomore,12,Molecular Biology,New College West,New College West,3.87,Male,25,November,21,71,8.5,160,2500,5,12 midnight,8,Instagram,iPhone,New York Yankees,New York Giants,Denver Nuggets,Detroit Red Wings,35,25,0,70,60,60,public school,90,Yes,No,2,90,Yes: sports club,80,30,Yes,80,65,65,Green,5,7,12,7,5,8,0,70,2,Interstellar,10,50,4,1570,30,10,No,30,Yes,No,Yes,80,pancakes,tea,dogs,ocean,Yes!,1,80,5,3,Batman,Joker,Fall,right-handed,No,90,20,3,MOL 214,Dr. Soo-Young Kim,7,Yes,70
SML 201,No,Junior,21,Ecology and Evolutionary Biology,Forbes,Forbes,2.95,Male,10,May,21,75,13,295,3000,10,11 PM,7.5,Instagram,iPhone,"Atlanta Braves,Chicago Cubs","Atlanta Falcons,Minnesota Vikings",Atlanta Hawks,Tampa Bay Lightning,75,40,0,40,70,90,public school,50,No,No,1.5,70,Yes: athletic scholarship,50,90,Yes,90,65,65,White,50,7,14,7,7,8,0,40,2,Pulp Fiction,20,50,3.9,1220,80,8,Yes,50,Yes,Yes,Yes,95,waffles,tea,dogs,ocean,No!,2,90,7,2,Batman,Homelander,Spring,left-handed,No,99,80,5,ARC 322,"Daniel Sherer
-------------",1,No,100
SML 201,Yes: a (non-AP) Statistics course in high school,Sophomore,13,Molecular Biology,Forbes,Yeh,3.575,Male,30,June,19,67,9.5,125,2200,3,12 midnight,7.5,"Instagram,LinkedIn",iPhone,Washington Nationals,Washington Redskins,Washington Wizards,Washington Capitals,40,80,0,85,85,70,private school,85,No,No,2,80,Yes: sports club,80,70,No,80,70,75,Blue,3,7,14,7,6,5,0,75,1,F1,10,80,3.95,1550,95,20,Yes,10,Yes,No,Yes,98,waffles,coffee,dogs,ocean,Yes!,5,75,1,4,Captain America,Loki,Spring,right-handed,"Yes, casually",95,90,3,ENT 491 High Tech Entrepreneurship,Michael Hecht,13,No,95
SML 201,No,Sophomore,14,Princeton School of Public and International Affairs,Rockefeller,Rockefeller,3.592,Male,20,November,20,60,11,156,2000,6,12 midnight,7,"Instagram,LinkedIn,Pinterest",iPhone,New York Yankees,New York Giants,Golden State Warriors,New York Rangers,50,100,0,85,60,0,public school,50,No,No,3,70,No,100,60,Yes,100,80,90,Blue ,5,14,21,14,1,5,80,100,1,Home Alone,10,80,4,1430,70,10,No,10,Yes,Yes,Yes,95,pancakes,(neither),dogs,ocean,Yes!,5,70,5,2,Batman ,The Joker,Summer,right-handed,No,80,100,2,AST 205,Gaspar Bakos ,22,No,100
SML 201,"Yes: a (non-AP) Statistics course in high school,Yes: a statistics college course",Sophomore,13,other,Forbes,Yeh,3.9,Male,15,March,19,71,11,165,2600,4,2 AM,7,Instagram,iPhone,Oakland Athletics,Green Bay Packers,Washington Wizards,Boston Bruins,0,20,0,80,69,70,private school,90,No,No,2,70,No,85,0,Yes,79,60,60,Blue,7,7,14,7,6,8,0,60,1,Crazy Rich Asians,20,30,4,1550,40,10,No,62,Yes,Yes,Yes,80,waffles,tea,dogs,snow,No!,6,80,5,5,Dr. Strange,Ultron,Winter,left-handed,"Yes, casually",99,40,4,SML 354,Kelly Noonan,10,No,70
SML 201,Yes: a (non-AP) Statistics course in high school,Sophomore,14,Ecology and Evolutionary Biology,Butler,Yeh,3.7,NA,40,October,19,67,8.5,160,NA,5,1 AM,6.5,"Instagram,Pinterest",iPhone,NA,NA,NA,NA,0,10,5,75,40,30,public school,70,No,No,1.6,80,Yes: sports club,80,35,Yes,85,70,60,blue,9,7,14,4,0.33,NA,100,90,3,NA,50,50,4,NA,50,NA,No,10,Yes,No,Yes,90,pancakes,tea,cats,ocean,No!,3,95,1,4,Spiderman,Reverse Flash,Spring,left-handed,"Yes, casually",95,80,4,EEB 211,NA,7,No,NA
SML 201,No,Sophomore,12,Neuroscience,Butler,Whitman,2.98,Female,15,July,19,66,8.5,148,2000,16,10 PM,8,Instagram,iPhone,Toronto Blue Jays,Kansas City Chiefs,Toronto Raptors,Toronto Maple Leafs,NA,0,0,70,100,90,private school,75,No,No,1,40,Yes: athletic scholarship,0,0,No,70,50,40,baby blue,7,14,14,7,3,6,0,50,1,the housemaid,70,90,4,NA,0,60,Yes,0,Yes,No,No,85,waffles,coffee,dogs,ocean,Yes!,5,100,1.5,3,batman,joker,Summer,left-handed,No,85,50,4,MOL214,N/A,1,No,50
SML 201,No,Senior,NA,Neuroscience,Forbes,Forbes,3.925,Female,15,May,18,66,7.5,132,NA,4,11 PM,7.5,Instagram,iPhone,NA,NA,NA,NA,NA,35,NA,70,70,60,private school,40,No,No,2.3,45,No,90,75,Yes,80,80,NA,NA,NA,7,14,15,2,NA,0,60,1,Heidi,55,78,4,1550,40,15,Yes,40,Yes,No,Yes,100,NA,tea,NA,ocean,Yes!,2,70,2,3,NA,NA,Spring,right-handed,Yes. heavily practiced,90,70,4,NA,Dr. Karin McDonald,25,No,95
SML 201,"Yes: AP Statistics,Yes: a statistics college course",Senior,29,Computer Science,Mathey,Yeh,3.7,Female,30,August,21,70,10,160,3000,20,10 PM,8,LinkedIn,iPhone,NA,NA,NA,NA,45,100,NA,100,100,50,public school,30,Yes,No,2.5,50,Yes: athletic scholarship,50,70,Yes,100,70,70,light purple,7,10,14,7,2,5,20,NA,4,NA,0,50,4,1520,50,12,Yes,50,Yes,Yes,Yes,70,waffles,coffee,dogs,ocean,tolerable,7,80,NA,5,NA,NA,Summer,right-handed,No,100,100,NA,ASL207,NA,NA,NA,NA
SML 201,Yes: AP Statistics,Sophomore,12,Princeton School of Public and International Affairs,New College West,Forbes,3.1,Male,15,August,21,76,15,205,4500,18,10 PM,7.5,Instagram,iPhone,Baltimore Orioles,Washington Redskins,NA,Tampa Bay Lightning,70,40,0,87,45,90,private school,65,No,No,1.7,90,Yes: athletic scholarship,40,25,No,70,70,70,blue,5,12,14,1,4,10,60,90,2,Inglorious Bastards,10,75,3.7,1480,20,60,No,20,Yes,Yes,Yes,95,pancakes,coffee,dogs,ocean,Yes!,3,90,0.5,2,Capt America,NA,Summer,right-handed,No,100,70,5,Pol 316,Robert George,5,Yes,100
SML 201,No,Sophomore,14,Chemical and Biological Engineering,Whitman,Yeh,3.4,Female,20,April,19,64,7,120,2000,2,1 AM,7,"Instagram,LinkedIn",iPhone,Philadelphia Phillies,Philadelphia Eagles,Philadelphia 76ers,Philadelphia Flyers,15,0,0,75,70,20,public school,60,No,Yes,1.7,80,No,60,60,No,75,70,50,Green,14,7,14,2,3,2,40,75,2,Valentine's Day,35,85,3.96,1580,60,20,No,10,Yes,No,Yes,95,pancakes,coffee,dogs,snow,tolerable,3,80,2,2,NA,NA,Fall,right-handed,No,85,70,4,PSY 254,Dr. Bosse,14,No,90
SML 201,No,Junior,19,Neuroscience,New College West,New College West,NA,Male,5,January,21,6,10,NA,3000,7,11 PM,8,Instagram,Android,NA,Dallas Cowboys,Houston Rockets,NA,NA,NA,NA,NA,NA,NA,NA,NA,No,Yes,1.5,NA,No,NA,NA,NA,NA,NA,NA,Teal,7,NA,NA,NA,NA,2,100,NA,NA,NA,NA,NA,NA,NA,NA,NA,Yes,0,Yes,Yes,Yes,NA,pancakes,tea,NA,ocean,Yes!,NA,NA,NA,2,Dr. Strange,NA,Spring,right-handed,"Yes, casually",NA,NA,NA,PSY 207,NA,10,Yes,NA
SML 201,Yes: AP Statistics,Sophomore,NA,Princeton School of Public and International Affairs,Whitman,Whitman,NA,Male,20,October,20,63,11,175,NA,25,NA,6,Instagram,iPhone,NA,NA,NA,NA,25,0,0,85,80,95,NA,0,Yes,No,2,90,Yes: athletic scholarship,50,NA,No,85,70,NA,NA,17,NA,NA,NA,NA,NA,NA,NA,1,NA,NA,NA,NA,NA,NA,NA,NA,NA,Yes,Yes,Yes,NA,waffles,coffee,dogs,ocean,Yes!,NA,NA,NA,NA,NA,NA,Spring,right-handed,NA,NA,NA,NA,NA,NA,NA,NA,NA
SML 201,Yes: AP Statistics,Sophomore,11,Molecular Biology,Rockefeller,Rockefeller,3.46,Female,30,May,19,63,7.5,111,1400,1,2 AM,5,"Instagram,LinkedIn,Pinterest,Tumblr,Twitter (X)",iPhone,NA,NA,NA,NA,0,0,1,30,25,60,public school,0,No,Yes,2.2,30,No,10,10,Yes,35,30,40,White,8,4,6,4,4,3,100,50,2,Interstellar,80,60,4,1480,40,10,Yes,40,Yes,Yes,Yes,85,pancakes,tea,cats,snow,No!,5,30,6,3,NA,Luke Castellan,Winter,right-handed,"Yes, casually",90,60,4,DAN 213,Yangwode Jing ,20,No,90
SML 201,No,Sophomore,13,Anthropology,Forbes,Forbes,3.78,Female,20,September,20,63,5.5,145,1800,7,12 midnight,7,Instagram,iPhone,NA,NA,NA,NA,20,3,NA,60,80,100,private school,50,No,No,2.3,90,No,90,80,No,80,70,NA,Blue,13,12,15,10,4,5,0,60,1,Parent Trap ,10,NA,NA,NA,80,20,Yes,70,Yes,Yes,Yes,90,pancakes,tea,dogs,ocean,Yes!,5,NA,2,4,NA,NA,Fall,left-handed,Yes. heavily practiced,100,90,8,ANT240,NA,1,No,100
SML 201,No,Sophomore,12,Princeton School of Public and International Affairs,Whitman,Yeh,3,Male,20,October,20,76,13,200,3500,28,1 AM,6,Instagram,Android,"New York Mets,New York Yankees","New York Giants,New York Jets",Philadelphia 76ers,New Jersey Devils,NA,80,NA,90,92,80,public school,65,No,No,2,60,Yes: athletic scholarship,85,60,Yes,95,70,90,Blue,33,14,14,7,14,10,0,85,1,Fight Club,10,15,4,NA,70,5,Yes,0,Yes,No,Yes,95,pancakes,coffee,dogs,ocean,tolerable,0,70,3,1,Batman,Anarky,Summer,right-handed,No,100,90,NA,FRS 165,Dr Jorie Hofstra,12,No,25
SML 201,No,Junior,23,Computer Science,Rockefeller,Rockefeller,3.986,Female,21,December,20,60,7,94,1500,5,12 midnight,8,"Instagram,LinkedIn",iPhone,NA,NA,New York Knicks,NA,25,90,0,80,80,40,public school,80,No,No,1,30,No,70,20,No,60,85,50,Blue,56,4,14,7,4,3,0,50,2,Not sure,70,50,NA,1580,20,10,No,30,Yes,Yes,Yes,100,pancakes,tea,cats,snow,No!,2,20,0.5,2,NA,NA,Fall,right-handed,Yes. heavily practiced,95,70,4,PSY 252,Claire Gmachl,8,No,90
SML 201,"Yes: AP Statistics,Yes: a statistics college course",Sophomore,13,Economics,Rockefeller,Rockefeller,3.8,Male,15,July,19,73,11,184,3000,18,11 PM,8,Instagram,iPhone,Washington Nationals,Washington Redskins,Washington Wizards,Washington Capitals,27,2,0,89,82,13,private school,79,Yes,No,1,39,Yes: athletic scholarship,45,24,Yes,86,81,69,Purple,4,10,14,0,3,10,0,79,1,Jurassic Park,11,43,3.9,1570,36,97,Yes,3,Yes,No,Yes,86,pancakes,tea,cats,ocean,Yes!,3,91,1,4,Mr. Incredible,Syndrome,Summer,right-handed,"Yes, casually",96,65,5,PHI 201,Ana Menezes,9,No,97
SML 201,Yes: AP Statistics,Sophomore,10,Molecular Biology,Rockefeller,Rockefeller,NA,Female,NA,November,19,NA,NA,NA,NA,10,3 AM,5,Instagram,iPhone,NA,NA,NA,NA,NA,57,0,46,46,50,public school,NA,No,No,3,NA,No,NA,NA,No,NA,70,70,pink,5,7,14,14,1,5,100,80,2,NA,NA,NA,NA,NA,69,5,Yes,NA,Yes,Yes,Yes,100,waffles,tea,dogs,ocean,No!,2,3,4,1,NA,NA,Summer,right-handed,"Yes, casually",58,79,6,NA,NA,23,No,NA
SML 201,Yes: AP Statistics,Sophomore,14,Molecular Biology,Mathey,Yeh,3.976,Male,20,February,19,65,8,120,1700,7,12 midnight,7,"Instagram,LinkedIn,Twitter (X)",iPhone,"New York Mets,New York Yankees","New England Patriots,New York Giants",Golden State Warriors,New Jersey Devils,25,50,6,85,60,100,public school,25,Yes,No,2,90,No,100,90,Yes,95,95,85,Blue,19,10,14,1,2,10,0,75,1,Black Swan,15,35,4,1540,80,40,Yes,0,Yes,No,Yes,75,pancakes,tea,dogs,ocean,No!,6,90,2,4,Scarlet Witch,Catwoman,Spring,right-handed,No,100,80,4,FRS127,Professor Penelope Georges,2,No,100
SML 201,No,Sophomore,NA,Economics,New College West,New College West,3.9,Male,25,May,19,66,9,150,1500,10,1 AM,7,Instagram,iPhone,Chicago White Sox,Buffalo Bills,Brooklyn Nets,"Buffalo Sabres,New York Rangers",50,100,0,100,100,50,private school,100,No,Yes,2.5,90,Yes: intramural team,100,100,Yes,100,90,90,blue,7,7,15,15,7,7,100,100,3,Grown Ups,20,80,4,1540,70,10,No,0,Yes,No,Yes,100,pancakes,(neither),cats,ocean,tolerable,4,100,20,2,Superman,Joker,Summer,right-handed,Yes. heavily practiced,100,100,4,MAT 202,Howard Stone,2,No,100
SML 201,No,Sophomore,14,Princeton School of Public and International Affairs,Mathey,Yeh,NA,Female,NA,September,20,66.5,NA,NA,NA,NA,12 midnight,8,"Instagram,LinkedIn",iPhone,NA,NA,NA,NA,NA,NA,NA,NA,NA,NA,private school,NA,No,No,1.5,NA,No,NA,NA,No,NA,NA,NA,Pink,14,6,NA,NA,6,NA,NA,NA,1,When Harry Met Sally,NA,NA,NA,NA,NA,NA,Yes,NA,Yes,Yes,Yes,100,pancakes,(neither),NA,ocean,No!,NA,NA,NA,NA,NA,NA,Spring,right-handed,Yes. heavily practiced,NA,NA,NA,NA,NA,NA,No,NA
SML 201,No,Sophomore,13,Neuroscience,Forbes,Forbes,3.823,Female,25,June,19,72,11,150,2000,5,12 midnight,7,NA,iPhone,New York Yankees,NA,"New York Knicks,San Antonio Spurs",NA,10,90,0,10,30,75,public school,75,No,No,1,20,Yes: sports club,50,50,Yes,50,70,50,blue,8,7,14,7,1,8,0,80,1,Arrival,90,80,NA,1540,45,7,Yes,10,No,Yes,Yes,95,pancakes,tea,dogs,ocean,No!,7,10,2,3,Spiderman,Thanos,Summer,right-handed,"Yes, casually",30,30,6,NEU 331,Dr. Deborah Levy,23,No,80
SML 201,No,Sophomore,13,Chemistry,Mathey,Whitman,3.925,Male,30,May,19,68,8.5,115,1800,2,1 AM,6,"Instagram,LinkedIn",iPhone,Texas Rangers,Dallas Cowboys,Dallas Mavericks,Dallas Stars,70,100,0,77,90,63,public school,49,No,No,2,50,No,21,56,No,90,70,70,Blue,11,7,14,7,3.5,5,60,80,2,Rogue One: A Star Wars Story,30,56,4,1450,60,27,Yes,25,Yes,Yes,Yes,99,pancakes,coffee,dogs,ocean,Yes!,0,70,1,1,Nightwing/the first Robin,Taskmaster,Summer,right-handed,"Yes, casually",95,80,3.5,SPA 207,Dr. Francis,9,No,100
SML 201,No,Sophomore,14,Anthropology,Forbes,Forbes,3.69,Female,25,October,20,64,7.5,180,2500,3,12 midnight,7,Instagram,iPhone,Philadelphia Phillies,Philadelphia Eagles,Golden State Warriors,New Jersey Devils,0,40,2,60,100,100,public school,20,No,No,2.2,70,No,80,0,No,70,70,50,Green,24,10,7,2,3,5,30,40,0,Harry Potter and the Prisoner of Azkaban,20,75,4,1550,80,7,No,10,Yes,No,Yes,90,waffles,tea,dogs,ocean,tolerable,4,60,4,4,Superman,Lex Luthor,Fall,right-handed,"Yes, casually",97,50,3,PSY254,Brooke A. Holmes,18,No,100
SML 201,No,Junior,22,Computer Science,Yeh College,Yeh,3.1,Female,15,June,20,65,9,135,2000,8,1 AM,9,Instagram,iPhone,New York Yankees,New England Patriots,"Boston Celtics,New York Knicks",New York Rangers,25,0,4,40,80,20,private school,70,No,No,2.1,100,Yes: sports club,75,100,Yes,60,70,70,Orange,9,7,14,14,2,5,60,90,1,The Hitman's Bodyguard,0,80,3.9,NA,100,20,Yes,70,Yes,Yes,Yes,100,waffles,tea,dogs,ocean,tolerable,2,100,4,5,Iron Man,Loki,Fall,right-handed,No,100,100,4,EAS 262,Marie-Louise James,15,No,50
SML 201,No,Sophomore,12,Molecular Biology,Yeh College,Yeh,3.33,Female,8,September,19,66,9,177,2500,0,3 AM,6,Instagram,iPhone,"New York Mets,New York Yankees",Dallas Cowboys,"Golden State Warriors,Los Angeles Lakers",New Jersey Devils,0,50,0,75,90,80,public school,70,No,Yes,3,40,No,30,30,No,70,70,60,Pink,11,5,14,0,4,2,100,80,4,Guardians of the Galaxy: Volume 2,50,50,4,1310,40,3,Yes,0,Yes,No,Yes,75,waffles,coffee,dogs,ocean,tolerable,3,70,4,1,Iron Man,The Joker,Fall,right-handed,"Yes, casually",100,90,5,MUS 102,Owen Abad,10,No,90
SML 201,No,Sophomore,12,Psychology,Butler,New College West,3.45,Female,30,April,19,63,8,120,NA,20,2 AM,5,Instagram,iPhone,"New York Yankees,Philadelphia Phillies,San Franciso Giants","Philadelphia Eagles,San Francisco 49ers","Golden State Warriors,Sacramento Kings",NA,30,0,0,90,90,70,public school,65,Yes,Yes,1.6,55,Yes: athletic scholarship,75,40,No,55,65,65,blue,24,6,14,10,4,1,75,80,2,Ghost,65,40,4,NA,70,20,Yes,0,Yes,No,Yes,100,pancakes,(neither),dogs,ocean,Yes!,0,70,2,2,spiderman,joker,Summer,right-handed,No,85,65,2,PSY254,Casey Lew-Williams,2,No,85
SML 201,Yes: a (non-AP) Statistics course in high school,Sophomore,13,Psychology,Yeh College,Yeh,3.97,Male,4,December,20,72,11,166,2800,12,11 PM,7,Instagram,iPhone,"Boston Red Sox,Los Angeles Dodgers,New York Yankees",New England Patriots,"Boston Celtics,Los Angeles Lakers",Los Angeles Kings,80,30,1,80,85,90,private school,90,Yes,No,1.2,80,Yes: athletic scholarship,90,40,No,70,70,80,Blue,21,3,2,0,7,6,30,85,1,Blades of Glory,76,90,3.99,1420,85,6,No,80,Yes,Yes,Yes,98,waffles,coffee,cats,ocean,tolerable,4,89,1,3,Batman,The Joker,Summer,right-handed,No,95,70,1,PSY 385,Dr. Shirley Wang,4,No,100
SML 201,Yes: a statistics college course,Sophomore,13,Neuroscience,Butler,Yeh,2.85,Male,12,October,NA,69,10.5,232,NA,5,11 PM,5,"Instagram,Twitter (X)",iPhone,Boston Red Sox,New England Patriots,Boston Celtics,Boston Bruins,45,50,0,40,30,50,private school,50,No,No,2,0,No,80,0,No,20,50,0,green,10,7,14,0,7,8,100,0,1,gladiator,0,50,NA,NA,0,0,Yes,0,No,No,No,100,pancakes,coffee,dogs,ocean,Yes!,2,1,1,4,Superman,joker,Fall,right-handed,No,100,100,4,the glass class,NA,13,No,NA
SML 201,"Yes: a (non-AP) Statistics course in high school,Yes: a statistics college course",Junior,19,other,New College West,Forbes,3.6,Female,6,May,20,66,8.5,180,1200,2,12 midnight,6,"LinkedIn,Pinterest,Tumblr",iPhone,New York Mets,Dallas Cowboys,New York Knicks,Buffalo Sabres,20,95,0,65,65,60,public school,80,No,Yes,3.5,80,No,85,70,Yes,80,65,55,Crimson,5,2,14,14,2,4,100,80,1,The Notebook,35,70,NA,1400,65,4,Yes,65,Yes,No,Yes,95,waffles,coffee,dogs,ocean,tolerable,5,75,1.5,3,Wonder Woman ,Cruella de Vil,Summer,right-handed,No,60,50,5,ANT 342,Helen Gu,1,No,70
SML 201,Yes: AP Statistics,Sophomore,13,Molecular Biology,Butler,Whitman,3.7,Female,50,November,20,65,8,135,1500,3,12 midnight,5,Instagram,iPhone,Philadelphia Phillies,Philadelphia Eagles,Philadelphia 76ers,Philadelphia Flyers,50,100,0,90,90,50,public school,100,No,No,3,100,No,100,50,No,90,90,90,purple,7,7,14,14,7,3,50,70,1,forest gump,0,70,4,1560,50,7,Yes,30,Yes,Yes,Yes,90,waffles,coffee,dogs,ocean,Yes!,3,70,3,3,Batman,Joker,Fall,right-handed,"Yes, casually",100,70,10,CHM 301,Professor Sorensen,10,No,70
SML 201,Yes: a (non-AP) Statistics course in high school,Sophomore,14,Molecular Biology,Yeh College,Yeh,3.55,Female,50,December,19,62,8,116,NA,0,2 AM,6,Instagram,Android,NA,NA,NA,NA,30,70,0,50,50,60,religious institution,30,No,Yes,1,50,No,85,0,No,95,60,NA,pink,NA,7,14,7,NA,0,0,85,1,NA,0,98,4,1420,50,10,Yes,0,Yes,No,Yes,100,waffles,tea,dogs,NA,Yes!,5,90,2,2,NA,NA,Winter,right-handed,Yes. heavily practiced,100,95,4,TWI 102,Karin McDonald,9,No,100
SML 201,Yes: AP Statistics,Sophomore,12.5,Molecular Biology,Forbes,New College West,3.8,Female,60,September,20,64.5,8.5,140,1800,2,1 AM,5,Instagram,iPhone,Philadelphia Phillies,Philadelphia Eagles,Philadelphia 76ers,Philadelphia Flyers,35,0,0,40,20,85,public school,90,No,No,1.8,40,No,100,50,No,40,80,65,Lavender,4,6,7,0,2,6,0,70,1,Rocky,60,70,4,1520,30,4,No,80,Yes,No,Yes,100,waffles,coffee,cats,ocean,tolerable,4,50,7,5,NA,Ursula,Summer,right-handed,Yes. heavily practiced,100,80,4,ITA 108,Tatiana Howard,11,No,100
SML 201,"Yes: AP Statistics,Yes: a statistics college course",Sophomore,14,Psychology,Butler,Whitman,NA,Female,5,October,20,65,8.5,130,2000,3,12 midnight,6.5,"Instagram,LinkedIn,Twitter (X)",iPhone,NA,Buffalo Bills,NA,Buffalo Sabres,30,60,2,65,60,55,public school,20,No,No,1,80,No,40,45,No,60,50,55,Purple,4,4,7,7,0,2,70,40,3,Moonlight,30,25,4,1520,60,20,Yes,20,Yes,Yes,Yes,90,waffles,tea,cats,ocean,tolerable,5,70,2.5,3,Black Panther,Joker,Spring,right-handed,No,95,60,4,AAS304,Professor Kelsey Henry,13,Yes,90
SML 201,Yes: AP Statistics,Sophomore,13,History,Forbes,Forbes,3.95,Female,10,June,19,67,8,125,NA,5,11 PM,8,LinkedIn,iPhone,"Boston Red Sox,Chicago Cubs",New England Patriots,NA,NA,20,30,3,93,88,70,private school,65,Yes,No,2.4,90,No,100,70,No,73,76,70,Navy blue,411,9,18,0,7,8,0,80,0,About Time + How to Train your Dragon,11,88,4,1560,75,20,Yes,18,Yes,No,Yes,95,pancakes,coffee,dogs,snow,tolerable,5,100,0,3,Spiderman,NA,Spring,right-handed,Yes. heavily practiced,95,95,4,HIS 361,Dr. James Vreeland,14,No,95
SML 201,No,Sophomore,13,History,Forbes,Forbes,3.8,Female,6,August,19,60,6.5,120,NA,8,1 AM,7,Instagram,iPhone,San Franciso Giants,San Francisco 49ers,Golden State Warriors,NA,10,50,2,75,80,40,private school,10,No,No,2.5,60,Yes: sports club,70,80,No,80,88,75,blue,10,5,7,7,4,4,10,0,1,Catch me if you can,40,60,4,NA,60,50,Yes,10,Yes,Yes,Yes,100,pancakes,tea,dogs,ocean,Yes!,5,70,0.5,3,wonder woman,NA,Summer,right-handed,Yes. heavily practiced,90,45,4,HUM 218,Esther Schor or Kevin Kruse,12,No,70
SML 201,Yes: AP Statistics,Sophomore,13,Neuroscience,Whitman,Yeh,3.39,Female,35,July,19,63,9,215,2100,2,11 PM,6,"Instagram,Pinterest",iPhone,Los Angeles Dodgers,NA,NA,NA,30,70,0,90,70,80,public school,0,No,Yes,1.6,90,No,90,30,No,70,45,30,Purple,27,7,14,12,5,20,100,100,1,Mamma Mia 1,15,85,4,NA,35,10,Yes,20,Yes,No,Yes,99,pancakes,tea,dogs,snow,Yes!,5,80,4,2,Batman,Joker,Spring,right-handed,"Yes, casually",90,80,4,CHM 304,Grace Fleury,25,No,60
SML 201,Yes: AP Statistics,Sophomore,15,Molecular Biology,Butler,New College West,3.728,Male,30,March,19,67,8,135,NA,5,12 midnight,7,Instagram,iPhone,NA,NA,NA,NA,5,0,0,70,50,50,public school,50,No,No,2.5,40,No,80,90,No,70,NA,NA,blue,3,7,14,7,7,19,0,80,1,NA,50,90,4,1490,70,40,Yes,20,Yes,No,Yes,95,pancakes,tea,cats,snow,Yes!,6,90,1,5,NA,NA,Fall,left-handed,Yes. heavily practiced,90,80,2,MOL214,Erik Sorensen,16,No,100
SML 201,Yes: AP Statistics,Sophomore,NA,Computer Science,Forbes,New College West,3.4,Female,20,October,19,70,11,170,2500,0,3 AM,NA,Instagram,iPhone,NA,NA,Golden State Warriors,NA,0,0,3,76,68,14,public school,100,Yes,No,2.7,60,NA,80,50,No,55,70,60,black,0,NA,NA,NA,NA,NA,58,96,1,I Saw the TV Glow,55,0,3.9,1580,10,15,Yes,0,Yes,No,NA,90,pancakes,tea,cats,ocean,Yes!,7,90,NA,3,NA,NA,Spring,right-handed,"Yes, casually",75,95,NA,LIN201,NA,28,No,60
SML 201,No,Sophomore,12,Molecular Biology,Yeh College,Forbes,NA,Female,40,May,19,67,9,135,NA,5,12 midnight,7,"Instagram,LinkedIn,Pinterest",iPhone,NA,New York Giants,"Golden State Warriors,New York Knicks,Philadelphia 76ers",NA,0,75,0,75,100,60,public school,100,No,No,2,100,Yes: sports club,100,75,Yes,75,90,80,Orange,24,7,14,7,NA,3,100,50,1,Think Like A Man,10,100,NA,NA,70,30,Yes,0,Yes,No,Yes,98,waffles,tea,dogs,ocean,No!,0,90,1,2,Black Panther ,Thanos,Spring,right-handed,No,100,80,5,AAS 228,Professor Khalil Gibran Muhammad,14,No,100
SML 201,Yes: AP Statistics,Sophomore,13,Molecular Biology,Forbes,New College West,3.975,Female,5,April,19,70,7.5,110,NA,4,12 midnight,7,"Instagram,Pinterest",iPhone,NA,NA,NA,NA,40,80,0,90,90,50,public school,60,No,No,1.6,80,Yes: sports club,100,90,Yes,90,80,80,pink,9,7,14,7,2,4,0,90,4,Tangled,20,80,NA,1540,70,NA,No,40,Yes,Yes,Yes,95,pancakes,coffee,dogs,ocean,tolerable,2,80,0.5,4,Flash,NA,Spring,right-handed,"Yes, casually",80,70,4,MOL 214,NA,4,No,50
SML 201,Yes: AP Statistics,Sophomore,18,Psychology,Rockefeller,Yeh,2.31,Female,20,November,20,68,8.5,170,1500,0,2 AM,7,NA,iPhone,NA,NA,NA,NA,0,0,3,30,60,100,public school,0,No,Yes,2.5,30,Yes: sports club,10,60,No,70,60,30,Black,18,3,14,0,3,2,100,70,1,Coco,90,100,4,1490,20,5,Yes,0,No,Yes,Yes,90,waffles,coffee,cats,snow,No!,5,60,4,2,Batman,Harley Quinn,Fall,right-handed,No,100,40,2,PSY 254,Professor Wang Ding Bramlett,11,Yes,100
SML 201,No,Sophomore,13,Molecular Biology,Butler,Yeh,3.93,Female,NA,September,20,67,8.5,160,NA,4,12 midnight,7,Instagram,iPhone,NA,NA,NA,NA,15,50,5,90,90,85,private school,20,No,No,2.8,90,No,100,50,Yes,85,85,65,Blue,1444,7,7,5,7,5,0,100,1,Memento,10,50,3.99,1590,10,30,Yes,50,Yes,Yes,Yes,95,pancakes,tea,dogs,ocean,Yes!,2,100,2,2,My mom,NA,Summer,right-handed,"Yes, casually",100,90,4,NA,Alena Wigodner,6,No,30
SML 201,Yes: AP Statistics,Sophomore,13,Princeton School of Public and International Affairs,Yeh College,Yeh,3.93,Male,33,March,19,68,9.5,145,2400,3,1 AM,7,"Facebook,Instagram,LinkedIn,Twitter (X)",iPhone,Detroit Tigers,Detroit Lions,Detroit Pistons,Detroit Red Wings,40,75,1,95,67,75,public school,85,No,No,1.8,70,Yes: intramural team,25,30,Yes,97,80,30,Blue,18,7,14,0,7,3,0,50,1,Cars 2,5,75,4,1590,35,45,Yes,3,Yes,No,Yes,99,waffles,(neither),dogs,ocean,No!,4,90,2,3,NA,NA,Spring,right-handed,Yes. heavily practiced,95,75,4,NA,Shilo Brooks,15,No,95
SML 201,Yes: AP Statistics,Sophomore,14,other,Whitman,Rockefeller,3.8,Male,20,May,19,69,10.5,155,2200,6,1 AM,7,"Facebook,Instagram,LinkedIn,Twitter (X)",iPhone,Kansas City Royals,Kansas City Chiefs,New York Knicks,NA,0,65,0,45,75,40,public school,25,Yes,No,2.5,70,No,90,50,No,70,80,65,Blue,8,5,14,10,4,10,90,20,1,Parasite,30,60,4,NA,80,12,Yes,30,Yes,No,Yes,100,waffles,coffee,dogs,ocean,tolerable,5,75,3,3,Iron Man,Thanos,Spring,right-handed,"Yes, casually",95,20,5,AAS 321,Professor Glaude,20,No,100
SML 201,No,Sophomore,13,Geosciences,New College West,New College West,3.1,Female,28,October,19,68.5,9.5,170,2800,7,12 midnight,8,"Instagram,LinkedIn",iPhone,Milwaukee Brewers,Chicago Bears,"Boston Celtics,Dallas Mavericks,Los Angeles Lakers,Toronto Raptors",Pittsburgh Penguins,2,5,2,85,90,80,public school,15,No,Yes,2.1,35,Yes: sports club,52,88,No,81,76,72,Green,9,7,14,7,3,4,85,70,3,Avengers: Infinity War,23,70,3.99,1430,52,20,Yes,15,Yes,Yes,Yes,95,pancakes,(neither),dogs,ocean,Yes!,0,84,2,1,Spider-Man,Thanos,Summer,right-handed,No,97,89,3,HIS 374,Julian Zelizer,21,No,77
SML 201,Yes: a (non-AP) Statistics course in high school,Sophomore,13,Princeton School of Public and International Affairs,Forbes,Yeh,3.3,Female,12,August,19,73,10,185,2800,18,11 PM,7.5,Instagram,iPhone,Toronto Blue Jays,Buffalo Bills,Los Angeles Lakers,Montreal Canadiens,20,80,3,80,70,90,public school,40,Yes,No,2.5,60,Yes: athletic scholarship,20,75,No,40,50,30,Purple or royal blue ,5,10,12,0,3,5,100,30,3,I currently don't have one,10,60,NA,NA,10,30,Yes,0,Yes,Yes,Yes,95,pancakes,tea,dogs,ocean,tolerable,2,70,5,2,Black Widow,N/A,Summer,left-handed,No,95,90,8,ENG275,Professor Anais Holgado-Lage,1,No,100
SML 201,No,Sophomore,12,Molecular Biology,Yeh College,Whitman,3.6,Male,40,July,21,72,11.5,250,2450,5,1 AM,6,Facebook,Android,Atlanta Braves,Green Bay Packers,Memphis Grizzles,Nashville Predators,70,83,0,75,75,68,public school,50,Yes,Yes,1.6,50,No,100,75,Yes,50,60,30,Black,71,7,8,5,7,7,100,90,3,NA,30,10,3.5,NA,0,6,Yes,0,Yes,Yes,No,99,pancakes,coffee,dogs,ocean,Yes!,4,75,2,1,Iron Man,Joker,Summer,right-handed,No,100,100,30,CLA 201,NA,2,Yes,100
SML 201,No,Sophomore,13,Molecular Biology,Whitman,Yeh,3.93,Female,12,October,19,66,8.5,125,2000,3,1 AM,7,LinkedIn,iPhone,New York Mets,New York Giants,Denver Nuggets,New York Rangers,25,10,0,70,70,50,public school,80,No,No,2,80,No,70,70,No,90,90,100,Pink,22,5,14,14,1,8,70,80,0,I don't watch movies ,20,90,4,1530,80,15,Yes,0,Yes,No,Yes,80,pancakes,tea,cats,ocean,tolerable,0,90,0,2,Myself,Joker,Summer,right-handed,Yes. heavily practiced,90,80,2,NEU201: Fundamentals of Neuroscience,Professor Deborah Levy,21,No,100
SML 201,Yes: AP Statistics,Sophomore,13,Neuroscience,Butler,New College West,3.4,Female,30,August,19,65.5,6,110,NA,NA,12 midnight,6,Instagram,iPhone,NA,NA,"Golden State Warriors,Los Angeles Lakers",NA,0,100,0,90,85,80,public school,50,No,Yes,3.5,95,Yes: athletic scholarship,85,60,No,80,80,80,pink,13,7,14,2,4,5,100,95,1,Up!,85,90,NA,1480,90,20,Yes,30,Yes,Yes,Yes,95,waffles,tea,cats,snow,Yes!,4,90,3,3,Iron Man,Lex Luther,Spring,right-handed,"Yes, casually",95,90,4,NEU 331,Sarah M. Anderson,25,No,90
SML 201,No,Junior,20,Ecology and Evolutionary Biology,Mathey,Whitman,3.6,Male,40,November,21,71,11,170,3000,8,12 midnight,7,Tumblr,iPhone,"Atlanta Braves,Miami Marlins",Tampa Bay Buccaneers,Orlando Magic,San Jose Sharks,50,50,0,50,25,75,private school,75,No,No,2.5,80,Yes: intramural team,100,25,Yes,40,67,67,Forest Green,67,14,14,14,3,67,0,25,1,Ferris Buellers Day Off,75,90,3.85,1520,80,200,Yes,0,No,Yes,Yes,99,pancakes,coffee,dogs,ocean,Yes!,7,60,1,5,Batman,Joker,Summer,right-handed,Yes. heavily practiced,100,75,6,"CHM301, CHM302, CHM345",CHM301 Graduate Preceptor ,1,Yes,50
SML 201,No,Sophomore,13,Chemistry,Whitman,Whitman,3.55,Female,30,April,19,64,9,NA,2000,4,12 midnight,7,Instagram,iPhone,Philadelphia Phillies,Philadelphia Eagles,Philadelphia 76ers,Philadelphia Flyers,90,80,1,85,80,65,private school,70,No,No,1.8,80,No,90,80,No,85,85,70,Red,11,4,14,7,2,3,0,95,2,Cars,20,85,3.99,1460,70,10,Yes,0,Yes,No,Yes,95,pancakes,(neither),dogs,ocean,Yes!,4,85,2,1,Spider-Man,Ultron,Fall,right-handed,No,100,90,4,ENG 345,Chloe Wu,9,No,90
SML 201,Yes: AP Statistics,Sophomore,14,Economics,New College West,Whitman,NA,Female,30,March,19,63,6,NA,NA,5,NA,8,Instagram,iPhone,Colorado Rockies,Denver Broncos,Golden State Warriors,"Colorado Avalanche,Vancouver Canucks",NA,NA,NA,30,0,50,public school,NA,No,No,2,60,Yes: sports club,NA,NA,NA,NA,NA,NA,purple,13,7,15,5,7,5,100,0,2,NA,NA,NA,3.9,1550,76,20,Yes,80,No,Yes,Yes,75,waffles,coffee,cats,snow,tolerable,6,40,3,4,batman,NA,Spring,right-handed,"Yes, casually",90,5,3,VIS 222,NA,23,No,68
SML 201,Yes: AP Statistics,Sophomore,12,Chemistry,Mathey,Mathey,3.68,Male,15,April,19,69,10.5,155,2500,5,1 AM,7,Instagram,iPhone,"Los Angeles Dodgers,New York Yankees","Dallas Cowboys,New Orleans Saints","New Orleans Pelicans,New York Knicks",New York Rangers,33,75,6,80,70,55,religious institution,80,No,No,3.7,70,No,65,70,Yes,65,60,40,Red,18,8,14,4,4,4,0,20,1,Good Will Hunting,60,60,4,1570,65,40,No,30,Yes,No,Yes,95,pancakes,coffee,dogs,snow,No!,5,80,2,3,Superman,Jafar,Fall,right-handed,Yes. heavily practiced,90,70,3,CHM202,Anna Cellinese,15,No,100
SML 201,Yes: AP Statistics,Sophomore,14,Neuroscience,Forbes,Whitman,3.82,Female,NA,September,20,67,8.5,NA,NA,0,11 PM,8,Instagram,Android,Houston Astros,NA,NA,NA,0,100,1,10,40,50,private school,60,No,No,1.6,0,No,10,0,No,15,75,5,red,36,2,14,0,2,NA,100,10,0,NA,100,95,NA,1560,5,3,Yes,0,No,No,Yes,100,pancakes,coffee,cats,ocean,No!,0,5,1,2,NA,NA,Fall,right-handed,No,95,85,4,ART 100,Jorie Hofstra,13,No,100
SML 201,Yes: AP Statistics,Sophomore,13,Princeton School of Public and International Affairs,Whitman,Yeh,3.87,Male,12,November,20,70,10,145,2000,6,12 midnight,7,"Instagram,LinkedIn",iPhone,Washington Nationals,Washington Redskins,"Los Angeles Lakers,Washington Wizards",Washington Capitals,30,25,5,63,86,73,public school,30,NA,Yes,2,90,No,60,0,Yes,60,75,85,green,22,7,14,14,7,4,0,10,2,coraline,30,50,3.96,1500,90,20,No,30,Yes,Yes,Yes,95,pancakes,tea,dogs,ocean,Yes!,4,70,3,4,batman,poison ivy,Fall,right-handed,No,90,80,3,WRI 235,Alexander Davis,11,No,100
SML 201,Yes: AP Statistics,Sophomore,15,Anthropology,Yeh College,Yeh,3.4,Female,20,March,19,65,8,155,1600,7,12 midnight,6,"Instagram,LinkedIn,Pinterest,Twitter (X)",iPhone,Philadelphia Phillies,"New England Patriots,Philadelphia Eagles",Philadelphia 76ers,Philadelphia Flyers,45,79,0,75,83,70,public school,36,No,Yes,3.2,72,Yes: intramural team,87,70,No,80,85,90,Purple,4,7,14,7,1,8,90,95,4,How to Lose a Guy in 10 Days,40,75,4,NA,90,10,Yes,30,Yes,Yes,Yes,100,waffles,tea,cats,ocean,tolerable,2,75,1,3,Superman,Light Yagami,Summer,right-handed,No,95,70,4,ENG 309,Professor Tatiana Howard,23,No,68
SML 201,"Yes: AP Statistics,Yes: a statistics college course",Sophomore,12,Molecular Biology,Butler,Whitman,NA,Male,NA,NA,19,NA,NA,NA,NA,NA,NA,NA,NA,iPhone,New York Yankees,New York Giants,Denver Nuggets,New York Rangers,87,90,NA,85,NA,NA,religious institution,NA,No,No,NA,NA,NA,NA,NA,NA,NA,NA,NA,NA,NA,14,15,NA,12,NA,NA,79,1,NA,NA,NA,NA,NA,NA,NA,NA,NA,Yes,NA,Yes,NA,NA,NA,NA,NA,No!,1,NA,NA,3,NA,NA,Fall,NA,NA,NA,NA,NA,NA,NA,NA,NA,NA
SML 201,No,Sophomore,14,Psychology,Rockefeller,Whitman,3.73,Female,15,August,19,63,6.5,NA,NA,NA,12 midnight,7,"Instagram,LinkedIn",iPhone,NA,NA,NA,NA,20,10,NA,75,60,20,public school,30,No,No,4,40,No,40,50,No,50,57,NA,Blue,752,4,14,NA,4,2,100,20,1,NA,NA,70,NA,NA,40,NA,Yes,NA,Yes,No,Yes,90,waffles,coffee,cats,ocean,Yes!,3,70,3,4,The Flash,NA,Fall,right-handed,Yes. heavily practiced,80,70,2,NA,NA,14,No,60
SML 201,Yes: AP Statistics,Sophomore,15,Neuroscience,Butler,Butler,3.84,Female,40,December,20,62,7,121,NA,3,2 AM,6,NA,iPhone,NA,NA,NA,NA,20,70,6,55,85,70,public school,20,No,No,2,20,No,75,60,Yes,80,80,50,Green,5,5,14,0,2,1,95,85,0,NA,20,50,NA,1590,50,30,Yes,50,No,No,Yes,95,waffles,tea,dogs,snow,tolerable,0,40,0,2,Raven,Poison Ivy,Fall,right-handed,"Yes, casually",70,90,2,ENG 309,John Ambrose,19,No,85
SML 201,Yes: a (non-AP) Statistics course in high school,Sophomore,12,Molecular Biology,Whitman,New College West,3.975,Male,24,November,NA,72,10.5,NA,NA,NA,12 midnight,7,NA,iPhone,NA,"Buffalo Bills,Kansas City Chiefs,San Francisco 49ers","Golden State Warriors,Indiana Pacers,Los Angeles Lakers,New York Knicks","Edmonton Oilers,New York Rangers",NA,NA,NA,80,80,50,public school,85,No,No,2,70,No,100,50,NA,NA,NA,NA,Green,13,7,14,0,NA,6,90,80,1,NA,NA,80,4,NA,30,7,Yes,NA,Yes,Yes,Yes,100,waffles,(neither),dogs,ocean,tolerable,4,100,2,3,Batman,NA,Spring,right-handed,Yes. heavily practiced,100,100,2,CHM 304,Professor Erik Sorensen,14,No,50
SML 201,No,Sophomore,13,Neuroscience,Whitman,Yeh,3.91,Male,40,August,19,72,10.5,145,2500,5,1 AM,7,Instagram,iPhone,Chicago White Sox,Carolina Panthers,Los Angeles Lakers,Carolina Hurricanes,NA,NA,NA,85,88,35,religious institution,80,NA,Yes,2,80,No,100,85,No,90,90,190,blue,67,7,14,14,3,6,100,100,0,The Hunger Games,15,75,4,1500,70,80,No,0,Yes,No,Yes,90,waffles,coffee,dogs,ocean,No!,5,100,3,4,Iron Man,Malificent,Summer,right-handed,"Yes, casually",90,50,5,FRS114,Dr. Sonja Francis,9,No,75
SML 201,"Yes: AP Statistics,Yes: a (non-AP) Statistics course in high school",Sophomore,13,Ecology and Evolutionary Biology,Rockefeller,Yeh,3.815,Male,NA,November,20,67,10,NA,NA,NA,10 PM,8,Instagram,iPhone,New York Mets,New York Jets,New York Knicks,NA,10,30,0,80,80,30,public school,30,No,No,1.5,40,No,70,25,No,85,NA,NA,Blue,25,14,14,7,14,NA,60,65,2,12 Angry Men (1957),NA,NA,3.9841,1560,35,NA,Yes,NA,Yes,Yes,Yes,100,pancakes,tea,dogs,ocean,No!,3,90,2,3,Spiderman,Venom,Fall,left-handed,No,90,80,4,FRS 129,Dr. Craig Marshall,14,No,50
SML 201,No,Sophomore,13,Molecular Biology,Butler,New College West,3.8,Female,16,May,19,66,7.5,120,2000,7,1 AM,7.5,Instagram,iPhone,Baltimore Orioles,Baltimore Ravens,NA,Washington Capitals,40,60,1,85,85,80,private school,50,No,No,2,90,Yes: sports club,60,75,No,90,88,84,Blue,12,7,13,2,6,6,30,67,1,Before Sunrise,10,5,NA,1570,70,45,Yes,22,Yes,No,Yes,85,waffles,coffee,cats,ocean,tolerable,5,85,1.5,2,NA,NA,Spring,right-handed,No,90,80,10,ART212,Bridget Alsdorf or Samuel Holzman,5,No,70
SML 201,Yes: AP Statistics,Sophomore,13,Neuroscience,Whitman,Yeh,3.3,Female,20,January,20,62,7,110,1800,14,12 midnight,7,Instagram,iPhone,Cleveland Indians,Cleveland Browns,Cleveland Cavaliers,Columbus Blue Jackets,35,50,2,90,100,100,private school,70,No,No,2,100,No,100,100,No,90,60,75,Pink or teal,6,8,16,4,3,10,80,80,1,Forrest Gump,10,20,3.9,1560,0,15,No,0,Yes,No,No,100,waffles,coffee,dogs,ocean,No!,5,90,1.5,5,Spiderman,Joker,Summer,right-handed,No,100,90,12,Neu 202,Professor Nelson Sociology.,11,No,100
SML 201,No,Sophomore,12,Molecular Biology,Whitman,Yeh,3.841,Female,40,August,19,62,7,120,2000,7,11 PM,7.5,NA,iPhone,NA,NA,NA,NA,90,100,0,90,100,50,public school,80,No,No,2,65,No,100,10,No,95,80,75,pink,18,7,14,14,2.5,9,65,70,1,McFarland USA,25,80,NA,1570,15,5,No,35,Yes,No,No,99,pancakes,coffee,dogs,ocean,No!,0,50,0.5,2,Wonder Woman,NA,Fall,right-handed,No,100,100,4,PSY 254,Casey Williams,20,No,100
SML 201,Yes: AP Statistics,Sophomore,15,Economics,Rockefeller,Yeh,3.7,Male,NA,January,20,69,11,165,NA,NA,12 midnight,7,"Instagram,LinkedIn",iPhone,Pittsburgh Pirates,Pittsburgh Steelers,NA,Pittsburgh Penguins,NA,NA,0,75,75,45,public school,20,No,No,2,51,Yes: sports club,30,51,No,85,70,65,Red,5,7,14,0,4,NA,NA,40,1,NA,0,95,4,1580,70,10,Yes,25,Yes,No,NA,95,waffles,tea,cats,ocean,tolerable,5,80,1,2,NA,NA,Summer,right-handed,"Yes, casually",95,80,4,EAS 237,Paize Keulemans ,NA,No,90
SML 201,Yes: a (non-AP) Statistics course in high school,Sophomore,12,Neuroscience,Whitman,Whitman,3.4,Female,8,March,19,51,7,170,500,4,12 midnight,6,Instagram,iPhone,New York Yankees,New York Jets,New York Knicks,New York Rangers,0,100,2,90,75,30,public school,65,No,No,3.5,100,No,60,40,Yes,90,85,100,Pink,7,7,7,4,0,5,100,90,0,Sound of Music,70,95,4,1350,75,8,Yes,40,Yes,Yes,Yes,95,pancakes,tea,dogs,snow,tolerable,6,90,4,3,Dr. Strange,Joker,Summer,right-handed,Yes. heavily practiced,80,80,3,"AAS430

DAN211

SPA107 - Luis Goncavelez","Luis Goncavelez

Kelsey Henry

Dyane Harvey Salaam",35,No,70
SML 201,Yes: AP Statistics,Junior,23,History,Mathey,Mathey,3.89,Male,30,October,21,70,10.5,180,3000,7,2 AM,6,"Instagram,LinkedIn,Twitter (X)",iPhone,Philadelphia Phillies,Philadelphia Eagles,Philadelphia 76ers,Philadelphia Flyers,40,10,0,90,70,40,private school,80,No,No,2.5,65,Yes: sports club,100,40,Yes,75,80,65,Blue,7,4,14,5,2,8,0,70,1,Good Will Hunting,19,20,4,1590,50,40,Yes,25,Yes,No,Yes,89,pancakes,coffee,dogs,ocean,Yes!,5,80,3,4,Batman,Doc Ock,Summer,right-handed,"Yes, casually",95,60,1,HIS210Ja,Jack Tannous,5,No,100
SML 201,Yes: AP Statistics,Junior,14,Computer Science,Mathey,Yeh,NA,NA,NA,January,20,74,NA,NA,NA,NA,11 PM,NA,NA,iPhone,NA,NA,Los Angeles Lakers,NA,NA,NA,NA,NA,NA,NA,public school,NA,NA,NA,NA,NA,NA,NA,NA,NA,NA,NA,NA,NA,1,7,14,NA,NA,NA,NA,NA,NA,NA,NA,NA,NA,NA,NA,NA,NA,NA,NA,NA,NA,NA,NA,(neither),dogs,ocean,Yes!,NA,NA,NA,NA,Iron Man,NA,Summer,right-handed,NA,NA,NA,NA,NA,NA,NA,NA,NA
SML 201,Yes: a (non-AP) Statistics course in high school,Junior,22,Chemical and Biological Engineering,Butler,Yeh,3.8,Male,35,February,20,70,8.5,153,3000,20,1 AM,8,"Facebook,Instagram,LinkedIn",iPhone,Atlanta Braves,NA,NA,NA,20,40,4,70,70,20,public school,70,Yes,No,2.1,60,Yes: athletic scholarship,70,60,No,80,70,60,blue,12,8,14,2,2,16,90,60,2,The hunger games ,50,40,3.96,1510,20,20,Yes,50,Yes,No,No,100,pancakes,tea,dogs,ocean,tolerable,6,60,3,4,Scarlet witch,Joker,Spring,right-handed,"Yes, casually",70,70,3,COS126,Jerelle Joseph,10,No,90
SML 201,No,Sophomore,11,Princeton School of Public and International Affairs,Whitman,Forbes,3.37,Female,NA,January,20,70,8,135,NA,NA,12 midnight,8,"Instagram,LinkedIn",iPhone,New York Yankees,New York Jets,New York Knicks,New York Rangers,60,80,0,80,80,70,public school,40,Yes,No,2,70,Yes: athletic scholarship,40,0,No,80,65,75,Blue,52,8,9,0,5,5,0,80,1,Good Will Hunting,20,70,3.9,1460,20,NA,Yes,NA,Yes,No,Yes,NA,pancakes,coffee,dogs,snow,No!,4,NA,NA,5,NA,NA,Fall,right-handed,No,NA,NA,NA,SOC 228,NA,1,No,100
SML 201,No,Sophomore,13,Neuroscience,Yeh College,Yeh,3.5,Male,60,July,19,67,10,135,1900,1,1 AM,5,Instagram,iPhone,"Baltimore Orioles,Los Angeles Dodgers,New York Yankees,Washington Nationals","Baltimore Ravens,Philadelphia Eagles,Washington Redskins","Houston Rockets,Los Angeles Lakers,Oklahoma City Thunder",Washington Capitals,10,85,0,80,75,75,private school,55,No,No,1,70,No,30,60,No,85,80,75,Red,5,7,14,7,1,2,75,40,1,Get Out,10,40,4,1450,30,10,Yes,60,No,Yes,Yes,100,pancakes,tea,dogs,ocean,No!,1,85,5,1,Flash,Joker,Summer,right-handed,"Yes, casually",85,85,2,WRI 123,Professor Darwish,11,No,80
SML 201,Yes: AP Statistics,Junior,22,Computer Science,Forbes,Forbes,3.6,Male,9,December,21,72,10,150,2000,7,1 AM,8,"Instagram,LinkedIn",iPhone,New York Yankees,"New York Giants,Pittsburgh Steelers",New York Knicks,New Jersey Devils,55,20,0,100,80,40,private school,60,No,Yes,2.2,90,Yes: intramural team,65,40,Yes,90,65,60,Red,15,8,14,0,1,5,80,90,2,Knives Out,30,70,4,1590,25,35,Yes,30,Yes,Yes,Yes,90,pancakes,tea,dogs,ocean,Yes!,5,90,3,3,Batman,Bane,Spring,right-handed,No,100,95,2,SLA 219,Laura Matthews,15,No,100
SML 201,No,Senior,57,other,Yeh College,Whitman,3.89,Male,50,May,21,73,11,165,3000,9,11 PM,8,Instagram,iPhone,New York Mets,New York Jets,Brooklyn Nets,New York Islanders,30,10,0,90,50,80,private school,50,No,No,1.5,50,Yes: athletic scholarship,80,50,No,80,70,60,Red,8,9,9,9,3,8,40,20,1,The Departed,10,20,3.96,1550,30,6,No,0,Yes,No,Yes,100,pancakes,tea,dogs,ocean,No!,2,60,1,3,Spider Man,Thanos,Fall,right-handed,No,100,80,6,Practical Ethics ,Peter Singer ,1,No,100
SML 201,Yes: AP Statistics,Sophomore,14,Neuroscience,New College West,Yeh,3.33,Female,15,December,20,66,9,155,2000,5,1 AM,7,"Instagram,LinkedIn,Pinterest,Tumblr,Twitter (X)",iPhone,Baltimore Orioles,Washington Redskins,NA,NA,0,20,2,60,40,40,private school,70,Yes,No,1.7,30,No,40,50,Yes,60,65,65,Purple,2,6,12,5,1,5,100,70,3,City of God,80,30,3.8,1500,40,10,Yes,0,Yes,Yes,Yes,75,waffles,tea,cats,ocean,No!,5,40,NA,2,Thor,Poison Ivy,Fall,right-handed,No,90,70,4,NA,NA,40,No,100
SML 201,Yes: a (non-AP) Statistics course in high school,Sophomore,14,Computer Science,Whitman,Mathey,3.6,Male,5,March,19,70,11,165,2000,1,1 AM,7,"Instagram,Twitter (X)",iPhone,Los Angeles Dodgers,Philadelphia Eagles,New York Knicks,San Jose Sharks,0,50,2,60,40,30,private school,60,Yes,Yes,3.5,75,Yes: sports club,70,30,No,70,60,50,Azure,19,7,14,7,1,8,80,60,1,Minari,20,30,4,1510,50,15,Yes,60,Yes,Yes,Yes,75,waffles,coffee,dogs,ocean,No!,6,70,2,4,Batman,Magneto,Spring,right-handed,No,80,50,2,EAS 301,Steven Chung,40,No,100
SML 201,No,Junior,23,Neuroscience,Forbes,New College West,3.75,Female,25,February,20,62,7,170,2000,4,2 AM,6,"Instagram,LinkedIn",iPhone,NA,NA,NA,NA,45,90,0,70,50,70,public school,40,No,No,2,80,No,70,30,No,70,65,50,Muted sky blue,17,4,10,7,4,6,90,100,1,I'm not sure,50,100,4,1510,60,20,Yes,40,Yes,Yes,Yes,85,pancakes,coffee,cats,ocean,tolerable,4,80,3,2,Spiderman,NA,Fall,left-handed,"Yes, casually",95,80,4,NEU 430,Dr. Notterman,12,No,100
SML 201,No,Sophomore,13,Molecular Biology,Rockefeller,Yeh,NA,Female,30,April,19,66,8,150,2000,7,1 AM,7,Instagram,iPhone,Milwaukee Brewers,Green Bay Packers,"Boston Celtics,Golden State Warriors",Edmonton Oilers,30,10,2,70,80,50,public school,50,No,No,2.1,80,No,90,80,No,60,70,60,Evergreen,4,6,14,7,7,5,90,90,0,Life is Beautiful,10,75,NA,1550,80,40,Yes,80,Yes,Yes,Yes,95,pancakes,tea,dogs,snow,tolerable,0,90,1,3,Captain America,NA,Spring,right-handed,"Yes, casually",90,90,5,ANT240,Erik Sorensen,18,No,50
SML 201,Yes: AP Statistics,Sophomore,12,Molecular Biology,Yeh College,Yeh,3.94,Male,30,June,19,73,11,160,3000,6,2 AM,6,"Instagram,LinkedIn",iPhone,"Los Angeles Dodgers,Philadelphia Phillies","Denver Broncos,Philadelphia Eagles","Boston Celtics,Denver Nuggets,Los Angeles Lakers,San Antonio Spurs",New Jersey Devils,25,25,0,67,80,67,private school,67,Yes,No,2.5,67,No,67,0.67,Yes,0.67,67,67,0x676767 (dim gray apparently),67,6.7,12,0.67,6.7,6.7,0.67,67,1,The Bee Movie,67,6.7,3.93,1590,67,6.7,Yes,0,No,No,Yes,67,pancakes,tea,dogs,ocean,Yes!,5,67,2,3,Peter Parker,Voldemort,Summer,right-handed,Yes. heavily practiced,100,0,5,ENG 403,Anthar Darwish,28,No,67
SML 201,Yes: AP Statistics,Junior,22,Molecular Biology,Mathey,Yeh,3,Male,10,January,20,70,11,225,3000,8,1 AM,6,"Instagram,LinkedIn",iPhone,Philadelphia Phillies,Philadelphia Eagles,Miami Heat,Florida Panthers,50,75,0,75,30,0,public school,0,Yes,Yes,2.5,0,Yes: sports club,100,75,No,100,50,25,Blue,67,5,14,7,5,10,100,50,1,Interstellar,0,50,3.95,1350,100,30,Yes,50,No,No,Yes,75,pancakes,tea,dogs,ocean,Yes!,5,0,2,3,Spider-Man,Dr. Doom,Spring,right-handed,No,90,0,2,SPA 205,Professor Muir,25,No,100
SML 201,"Yes: AP Statistics,Yes: a statistics college course",Sophomore,13,Economics,Rockefeller,Yeh,3.95,Female,NA,January,20,63.5,7,NA,NA,NA,1 AM,6,Instagram,iPhone,Atlanta Braves,Atlanta Falcons,Atlanta Hawks,Boston Bruins,NA,75,0,90,60,75,public school,50,No,No,2.5,75,No,80,50,Yes,95,70,NA,Green,26,7,14,NA,NA,8,NA,50,1,About Time,10,70,NA,1600,95,NA,No,NA,Yes,Yes,Yes,100,waffles,coffee,dogs,snow,No!,5,90,NA,4,Spider-Man,Doc Ock,Winter,right-handed,"Yes, casually",90,80,NA,Creative Writing - Poetry,Teresa Shawcross,6,No,90
SML 201,No,Sophomore,12,Princeton School of Public and International Affairs,Mathey,Mathey,3.57,Male,4,October,19,69,10,150,2000,4,2 AM,7,"Instagram,Twitter (X)",iPhone,Seattle Mariners,Seattle Seahawks,Washington Wizards,Washington Capitals,67,90,0,70,70,60,private school,40,No,No,2.2,90,Yes: sports club,30,50,No,80,80,80,green,13,7,14,0,7,8,0,50,2,idk,50,50,3.9,1300,20,40,No,20,No,No,Yes,80,waffles,tea,dogs,ocean,No!,6,90,4,4,idk,idk,Summer,right-handed,No,90,90,3,SPI 322,Mark Berlin,1,No,90
SML 201,No,Sophomore,13,Princeton School of Public and International Affairs,Yeh College,Yeh,3.6,Female,15,October,20,67,9,140,2000,5,11 PM,9,"Instagram,LinkedIn",iPhone,"Chicago Cubs,Los Angeles Dodgers","Chicago Bears,San Diego Chargers","Chicago Bulls,Los Angeles Lakers",Los Angeles Kings,10,0,5,80,60,80,private school,60,No,No,2,75,Yes: athletic scholarship,40,60,Yes,85,70,80,Purple,13,5,14,0,5,3,0,40,1,The Usual Suspects,30,70,4,1210,30,10,Yes,10,Yes,No,Yes,90,pancakes,coffee,cats,ocean,Yes!,2,90,2,3,Spiderman,Darth Vader,Fall,right-handed,No,90,80,4,FRS 130,Gary Bass,1,No,100
SML 201,Yes: a statistics college course,Sophomore,14,other,Rockefeller,Yeh,3.5,Female,25,January,20,66,8.5,150,NA,1,12 midnight,7,"Instagram,Twitter (X)",iPhone,NA,NA,Toronto Raptors,NA,3,45,5,65,50,30,private school,65,NA,No,2.3,60,No,80,95,No,50,75,75,blue,8,8,13,1,1,2,90,0,1,Portrait of a Lady on Fire,45,50,4,NA,70,10,Yes,50,Yes,Yes,Yes,90,pancakes,coffee,cats,ocean,tolerable,4,60,3,4,Spiderman,Two Face,Spring,left-handed,Yes. heavily practiced,90,70,2.5,CWR205,Professor Reena N. Goldthree,2,No,100
SML 201,No,Sophomore,10,Neuroscience,Butler,Whitman,NA,Female,NA,January,21,61,7,140,NA,5,2 AM,5,"Facebook,Instagram,Pinterest",iPhone,NA,NA,Golden State Warriors,NA,0,70,2,90,60,90,public school,30,No,Yes,3,40,No,70,20,No,90,70,60,Pink,5,7,7,7,7,NA,100,40,2,13 Going on 30,40,80,4,NA,60,6,Yes,60,Yes,Yes,Yes,95,waffles,coffee,cats,ocean,Yes!,4,80,NA,2,Spiderman,Venom,Fall,right-handed,Yes. heavily practiced,90,100,NA,NEU 331,Stephen F. Teiser,NA,No,90
SML 201,Yes: AP Statistics,Sophomore,12,Neuroscience,Rockefeller,Yeh,3.6,Female,30,December,20,65,6,96,2500,2,3 AM,5,Instagram,iPhone,NA,NA,NA,NA,0,60,0,50,70,70,public school,30,No,No,2,40,No,50,60,Yes,40,50,60,blue,9,7,14,7,4,2,0,40,3,NA,50,50,4,1500,20,4,No,70,Yes,No,No,99,pancakes,coffee,dogs,snow,Yes!,1,50,3,3,iron man,scarlet witch,Summer,left-handed,No,80,40,4,MOL 214,NA,14,No,80
SML 201,No,Sophomore,14,Neuroscience,New College West,New College West,3.91,Male,30,July,19,69,11,175,2200,2,12 midnight,7,LinkedIn,iPhone,St. Louis Cardinals,"Dallas Cowboys,St. Louis Rams",San Antonio Spurs,St. Louis Blues,35,60,0,100,70,45,public school,20,Yes,Yes,1.5,90,No,50,20,No,100,70,50,Blue,41,7,14,0,7,50,100,80,2,Interstellar,10,40,4,1540,50,10,No,0,Yes,Yes,Yes,80,waffles,coffee,dogs,snow,tolerable,6,100,3,2,Iron Man,Thanos,Fall,right-handed,No,100,90,1,FRS 127,Dr. Corey Clapp,5,No,100
SML 201,Yes: AP Statistics,Sophomore,13,Princeton School of Public and International Affairs,Yeh College,Mathey,3.75,Male,15,August,19,71,10,140,2800,5,12 midnight,8.5,Instagram,iPhone,Chicago White Sox,"Carolina Panthers,Chicago Bears","Charlotte Hornets,Chicago Bulls","Carolina Hurricanes,Chicago Blackhawks",15,5,5,75,80,70,public school,60,Yes,No,1.8,90,No,90,30,Yes,40,90,72,Blue,6,7,7,0,4,3.5,10,80,0,There Will Be Blood,20,70,4,1540,70,20,Yes,10,Yes,No,Yes,98,waffles,coffee,cats,snow,No!,4,60,2.5,3,Batman,Joker,Fall,right-handed,"Yes, casually",100,70,6,ENG 399,Laura Kalin,5,No,100
SML 201,Yes: a statistics college course,Junior,21,Economics,Mathey,Mathey,3.3,Male,40,January,21,67,9.5,155,2700,10,3 AM,7,"Instagram,LinkedIn",iPhone,New York Yankees,New York Giants,New York Knicks,New Jersey Devils,30,70,0,80,80,60,private school,80,Yes,Yes,2.5,70,Yes: intramural team,50,80,No,60,75,20,blue,25,7,14,7,7,8,50,60,1.5,Forrest Gump,60,80,4,1540,50,20,No,0,Yes,Yes,Yes,70,waffles,coffee,dogs,snow,No!,0,70,2,3,Spiderman,Loki,Spring,right-handed,"Yes, casually",90,90,7,SPA 209,David Villalobos,7,No,100
SML 201,Yes: AP Statistics,Sophomore,13,Princeton School of Public and International Affairs,Forbes,Yeh,3.769,Male,11,June,19,73,11.5,160,2000,6,11 PM,7,Instagram,Android,Tampa Bay Rays,Miami Dolphins,Orlando Magic,Tampa Bay Lightning,20,35,0,50,70,10,public school,5,Yes,Yes,3.5,25,Yes: sports club,25,90,Yes,60,70,60,Green,69,7,14,3,7,7,100,50,0,No Time to Die - James Bond,65,90,3.9,1500,NA,10,Yes,0,Yes,Yes,Yes,95,pancakes,tea,dogs,ocean,No!,4,30,1,3,Superman,Thanos,Summer,right-handed,No,100,90,4,HIS 252,Johnny Laforet,12,No,100
SML 201,No,Sophomore,13,other,Rockefeller,Yeh,3.7,Male,15,February,19,69,9.5,121,2000,4,2 AM,7,Instagram,iPhone,New York Mets,Buffalo Bills,New York Knicks,New York Islanders,50,25,0,75,70,85,private school,75,No,No,2,70,Yes: sports club,50,10,No,98,86,65,Purple,11,7,7,0,7,1,0,10,1,Eternal Sunshine of the Spotless Mind,0,35,3.95,1550,50,40,No,0,Yes,Yes,Yes,100,pancakes,(neither),dogs,ocean,No!,3,80,3,5,Doctor Strange,Loki,Summer,ambidextrous,Yes. heavily practiced,90,90,4,FRS 135,Elizabeth Margulis,1,No,40
SML 201,Yes: AP Statistics,Sophomore,12,Princeton School of Public and International Affairs,Rockefeller,Yeh,3.77,Female,10,May,20,65,8,132,2000,6,3 AM,5,Instagram,iPhone,New York Mets,NA,Los Angeles Lakers,NA,40,30,3,30,80,20,private school,75,No,No,2.3,50,No,90,30,No,40,60,80,Blue,5,7,7,2,7,10,0,40,0,Notting Hill,80,90,4,1590,75,15,Yes,20,No,Yes,Yes,80,waffles,coffee,cats,ocean,tolerable,3,30,3,4,none,none,Fall,right-handed,"Yes, casually",50,90,4,SPI 298,Professor Kelly Noonan,18,No,100
SML 201,Yes: AP Statistics,Junior,21,Neuroscience,New College West,Forbes,3.43,Female,30,December,20,69.5,9.5,165,2000,4,1 AM,6,NA,iPhone,"Atlanta Braves,Cincinnati Reds","Atlanta Falcons,Chicago Bears,Philadelphia Eagles","Atlanta Hawks,Los Angeles Lakers,Philadelphia 76ers",NA,30,100,0,80,30,40,public school,90,No,No,2.5,20,No,100,50,Yes,90,100,100,blue,3,7,10,2,1,2,50,100,2,NA,10,80,4,1540,70,15,Yes,10,Yes,Yes,Yes,80,waffles,tea,dogs,ocean,tolerable,2,95,0,3,Dr. strange,killmonger,Fall,right-handed,Yes. heavily practiced,95,68,2,ENG 275,Professor Laforet,10,No,95
SML 201,Yes: a statistics college course,Junior,23,Computer Science,Forbes,New College West,3.97,Male,21,November,21,72,11,185,4000,8,12 midnight,8,"Instagram,LinkedIn",iPhone,Washington Nationals,Washington Redskins,Washington Wizards,Washington Capitals,53,90,0,90,67,20,public school,60,Yes,No,1.5,80,Yes: intramural team,40,75,No,90,90,80,Blue,26,8,14,4,7,6,30,70,2,Inception,5,80,4,1540,80,40,No,0,Yes,No,Yes,97,pancakes,(neither),dogs,ocean,No!,2,90,1,3,Batman,Joker,Summer,right-handed,"Yes, casually",100,90,6,SPI 365,Steven Kelts,10,No,99
SML 201,Yes: AP Statistics,Sophomore,13,other,Forbes,New College West,NA,Female,20,April,21,66,7.5,135,1900,15,12 midnight,7,Instagram,iPhone,NA,NA,NA,NA,20,50,NA,65,80,100,private school,50,NA,No,1.8,80,Yes: athletic scholarship,NA,80,Yes,80,NA,NA,orange,3,10,15,11,3,5,0,50,1,NA,20,80,NA,1570,20,20,Yes,80,Yes,NA,Yes,80,waffles,tea,dogs,ocean,tolerable,5,80,2,5,NA,NA,Summer,left-handed,"Yes, casually",80,100,5,CLA219,Emma Whittemore,NA,Yes,100
SML 201,Yes: AP Statistics,Sophomore,11,Molecular Biology,New College West,New College West,3.95,Female,20,February,19,67,8,135,NA,4,10 PM,8,Instagram,iPhone,NA,NA,NA,NA,25,20,1,70,70,30,public school,20,No,No,1.5,50,No,80,20,No,75,65,35,Green,NA,7,14,7,3,NA,90,20,1,Dune: Part Two,75,65,4,1550,10,4,Yes,40,Yes,No,No,95,waffles,tea,dogs,ocean,tolerable,2,40,1.5,4,Iron Man,Venom,Fall,right-handed,"Yes, casually",95,90,1,CLA 219,Ben Zhang,7,No,100
SML 201,Yes: a (non-AP) Statistics course in high school,Sophomore,12,Ecology and Evolutionary Biology,New College West,Yeh,3,Female,12,January,20,67,9.5,145,2300,12,11 PM,7,Instagram,iPhone,NA,NA,NA,NA,NA,100,NA,80,70,100,public school,60,No,No,2,30,Yes: athletic scholarship,90,30,Yes,60,70,60,pink,24,7,14,7,1,10,100,90,4,Uglies,60,100,3.9,1420,10,10,No,0,Yes,Yes,Yes,99,pancakes,(neither),dogs,ocean,No!,2,30,1,1,NA,NA,Summer,right-handed,No,80,100,5,ASL,Eli McAmis,1,No,80
SML 201,No,Sophomore,13,Neuroscience,New College West,New College West,3.88,Female,NA,February,19,56,7.5,NA,NA,NA,11 PM,7,"Instagram,LinkedIn",iPhone,New York Yankees,NA,NA,NA,NA,NA,NA,90,70,90,private school,100,No,No,1.8,NA,No,NA,5,No,NA,NA,NA,green,54,NA,14,2,4,4,NA,100,1,knives out,NA,100,3.94,1590,10,3,Yes,0,Yes,No,NA,60,waffles,coffee,dogs,ocean,Yes!,5,NA,NA,NA,NA,NA,NA,NA,NA,NA,NA,NA,NA,NA,NA,NA,NA
SML 201,"Yes: AP Statistics,Yes: a statistics college course",Sophomore,13,Psychology,Rockefeller,Yeh,3.9,Female,25,April,19,52,NA,118,NA,5,1 AM,7,Instagram,iPhone,NA,NA,NA,NA,5,70,0,80,100,50,public school,0,No,Yes,2.3,40,No,100,50,No,70,60,60,Magenta,NA,5,7,0,2,NA,0,100,0,Saiyaara,20,25,4,1560,40,8,Yes,25,No,Yes,Yes,80,pancakes,tea,dogs,ocean,No!,7,75,2,2,NA,NA,Winter,right-handed,"Yes, casually",100,100,2,NEU201,Professor Casey Lew-Williams,20,No,100
SML 201,"Yes: AP Statistics,Yes: a statistics college course",Junior,23,Computer Science,Rockefeller,Rockefeller,3,Female,20,March,20,52,6.5,140,1500,10,10 PM,7,"Instagram,LinkedIn,Pinterest",iPhone,Chicago White Sox,Chicago Bears,Chicago Bulls,Chicago Blackhawks,25,40,6,50,50,10,private school,0,Yes,Yes,2.25,10,No,40,25,No,80,65,50,Sage Green,10,7,14,7,7,4,80,75,4,White Chicks,75,75,4,1490,25,3,Yes,25,Yes,No,Yes,90,pancakes,tea,dogs,ocean,No!,3,5,2,1,Spider-man,Joker,Summer,right-handed,"Yes, casually",75,75,10,SPI340,NA,8,No,75
SML 201,Yes: AP Statistics,Junior,21,other,Whitman,Whitman,3.1,Male,30,July,20,65,8.5,122,1600,5,2 AM,6,Instagram,Android,Los Angeles Dodgers,Philadelphia Eagles,"Boston Celtics,Los Angeles Lakers",New Jersey Devils,22,50,0,70,80,25,public school,33,No,No,2,50,Yes: sports club,50,50,Yes,60,85,50,Royal Purple,67,7,14,0,6,3,65,40,2,Spiderman: Into the Spiderverse,50,80,3.9,1540,60,16,Yes,20,Yes,No,Yes,95,pancakes,(neither),cats,snow,No!,4,85,1,2,Batman,The crushing inevitability and unpredictability of death,Winter,right-handed,"Yes, casually",90,70,4,MAT345,Jakub Witaszek,15,No,75
SML 201,No,Junior,24,other,Forbes,Yeh,3.23,Female,40,March,20,66,8.5,130,NA,3,12 midnight,6.5,Instagram,iPhone,Chicago Cubs,Carolina Panthers,Charlotte Hornets,New Jersey Devils,NA,NA,0,70,80,30,private school,20,No,No,1.5,30,Yes: sports club,50,20,No,NA,NA,NA,blue,7,7,14,4,7,2,80,60,3,NA,NA,50,4,1510,80,NA,No,50,Yes,No,Yes,100,waffles,coffee,dogs,ocean,Yes!,2,50,1,2,NA,NA,Summer,right-handed,"Yes, casually",80,80,4,NES330,Ravin Ramaraj,15,No,80
SML 201,No,Sophomore,14,Neuroscience,Yeh College,Yeh,3.8,Female,40,July,19,65,8,114,2000,3,1 AM,6,Instagram,iPhone,"New York Yankees,St. Louis Cardinals",Kansas City Chiefs,New York Knicks,New York Rangers,30,70,2,70,90,50,private school,65,No,No,1.8,60,No,40,50,Yes,55,60,50,blue,5,7,14,7,4,6,0,70,2,the sound of music,60,90,3.98,1510,60,15,No,5,Yes,No,Yes,100,waffles,tea,dogs,ocean,No!,4,80,1,2,wonder woman,magneto,Spring,right-handed,No,95,88,5,PSY 255,Dr. Erin Raffety,17,No,100
SML 201,Yes: AP Statistics,Sophomore,13,Chemical and Biological Engineering,Rockefeller,Rockefeller,3.52,Male,3,February,19,70,11,180,3000,6,12 midnight,7,"Instagram,LinkedIn",iPhone,Philadelphia Phillies,Philadelphia Eagles,Philadelphia 76ers,Philadelphia Flyers,63,84,0,85,70,56,public school,70,No,No,2.6,85,Yes: intramural team,83,67,No,87,75,74,Blue,21,5,13,2,5,6,89,90,3,Wall-E,10,89,3.98,1500,89,29,Yes,65,Yes,No,Yes,100,waffles,coffee,dogs,ocean,No!,3,90,1,3,Deadpool,Joker,Spring,right-handed,No,92,90,3,CHM 304,"Dr. Erik Sorensen
-----------------",25,No,80
SML 201,No,Junior,23,Molecular Biology,Mathey,Yeh,NA,Female,10,July,20,72,10,NA,2000,3,1 AM,7,"Instagram,LinkedIn,Pinterest",iPhone,"Arizona Diamondbacks,New York Yankees",Arizona Cardinals,Los Angeles Lakers,Arizona Coyotes,NA,75,0,85,75,80,charter school,0,Yes,No,1.6,100,No,100,50,Yes,95,87,85,Blue,3,6,6,0,4,3,20,35,0,Harry Potter and the Half Blood Prince,0,10,NA,NA,100,30,Yes,0,Yes,Yes,Yes,85,pancakes,coffee,cats,ocean,tolerable,0,100,1,2,The Flash,Grindelwald,Spring,right-handed,"Yes, casually",80,90,1,NA,NA,17,No,85
SML 201,"Yes: AP Statistics,Yes: a statistics college course",Junior,21,Economics,Butler,Yeh,3.88,Female,7,June,20,63,7.5,120,2300,5,1 AM,7,Instagram,iPhone,Philadelphia Phillies,Philadelphia Eagles,Los Angeles Lakers,Columbus Blue Jackets,50,90,0,75,80,60,public school,NA,NA,NA,2.4,80,No,70,30,NA,NA,NA,NA,light green,NA,NA,7,7,NA,5,NA,NA,1,NA,NA,NA,4,1570,70,NA,No,60,Yes,Yes,Yes,80,waffles,tea,dogs,ocean,tolerable,4,80,1,4,NA,NA,NA,left-handed,Yes. heavily practiced,90,70,3,NA,NA,10,No,NA
SML 201,No,Sophomore,12,Neuroscience,Yeh College,Whitman,3.5,Female,35,December,19,64,8.5,122,1500,6,1 AM,6,"Instagram,LinkedIn,Pinterest",iPhone,Tampa Bay Rays,Miami Dolphins,Miami Heat,Florida Panthers,89,70,1,75,85,75,charter school,45,No,Yes,2.3,85,No,75,80,No,78,75,70,Pink,7,10,14,14,4,3,100,89,3,High School Musical 3 ,66,78,4,1340,65,10,Yes,84,Yes,Yes,Yes,100,pancakes,coffee,cats,snow,Yes!,2,85,35,2,Supergirl,NA,Spring,right-handed,No,95,96,4,NA,NA,24,No,87
SML 201,Yes: AP Statistics,Sophomore,14,Anthropology,Whitman,Yeh,3.61,Female,15,May,19,62,6.5,120,1500,1,2 AM,5,"Instagram,LinkedIn,Pinterest",iPhone,"Los Angeles Angels,Los Angeles Dodgers","Philadelphia Eagles,San Francisco 49ers",NA,NA,0,20,0,20,60,70,public school,0,Yes,No,1.8,50,No,50,30,No,40,40,50,Pink,642,4,15,0,4,18,100,0,1,Ratatouille ,30,50,3.92,1500,30,40,Yes,80,Yes,Yes,Yes,80,waffles,coffee,dogs,snow,Yes!,5,60,5,3,Spiderman,Maleficent,Fall,right-handed,Yes. heavily practiced,50,0,4,ANT 354,Akil Fletcher,20,No,90
SML 201,No,Sophomore,12,Princeton School of Public and International Affairs,Rockefeller,Rockefeller,3.4,Female,20,April,20,65,6.5,110,1800,1,2 AM,6,Instagram,iPhone,NA,NA,NA,NA,10,0,0,70,90,60,public school,60,No,No,3,60,No,NA,20,Yes,60,60,60,Yellow,NA,NA,14,10,4,5,NA,NA,1,NA,NA,NA,NA,NA,NA,NA,NA,NA,Yes,NA,Yes,NA,pancakes,tea,dogs,ocean,Yes!,4,NA,1,3,NA,NA,Spring,right-handed,Yes. heavily practiced,NA,50,2,SOC339,NA,NA,NA,NA
SML 201,Yes: AP Statistics,Sophomore,12,Princeton School of Public and International Affairs,Rockefeller,Rockefeller,3.84,Female,40,December,20,67,7.5,132,1400,6,1 AM,6,"Instagram,Pinterest",iPhone,Boston Red Sox,Miami Dolphins,Los Angeles Lakers,Florida Panthers,30,40,0,60,70,80,public school,60,No,No,1.5,80,No,60,30,No,40,50,70,blue,8,7,14,14,7,3,0,40,1,Priscilla ,40,80,4,1560,70,70,Yes,60,Yes,No,Yes,80,waffles,coffee,dogs,ocean,tolerable,4,60,2,2,Wonder Woman,Cat woman,Spring,right-handed,"Yes, casually",70,50,5,EGR201,Professor Jennings ,23,No,60
SML 201,Yes: a (non-AP) Statistics course in high school,Sophomore,13,Ecology and Evolutionary Biology,Butler,Yeh,3.67,Female,20,August,19,66,8.5,135,1500,3,2 AM,6,"Instagram,LinkedIn",Android,New York Yankees,Philadelphia Eagles,Miami Heat,Florida Panthers,NA,3,0,49,50,99,private school,50,No,No,1.15,71,No,35,20,No,75,50,55,Blue,8,8,15,14,14,1.5,100,80,4,Interstellar,20,95,4,1530,30,12,No,0,Yes,Yes,Yes,98,pancakes,coffee,dogs,ocean,tolerable,4,70,5,2,Spiderman,Joker,Summer,right-handed,No,90,80,4,ANT 241,Sonja Francis,7,No,45
SML 201,No,Sophomore,14,Molecular Biology,Whitman,Whitman,3.4,Female,25,July,20,64,8,135,2000,3,12 midnight,7,Instagram,iPhone,NA,Philadelphia Eagles,NA,NA,20,80,0,80,80,90,public school,60,No,Yes,2,70,No,40,20,No,90,90,90,Pink,5,7,14,10,5,8,100,80,0,Knives Out,40,80,3.9,1460,80,8,No,60,Yes,No,Yes,199,pancakes,coffee,dogs,ocean,Yes!,2,60,3,1,NA,NA,Summer,right-handed,No,90,30,5,PSY 254,Dr. Casey Lew-Williams,6,No,100
SML 201,No,Sophomore,14,Princeton School of Public and International Affairs,Forbes,Whitman,3.6,NA,10,October,20,64,8,NA,2000,16,1 AM,7,"Instagram,LinkedIn,Twitter (X)",iPhone,Philadelphia Phillies,Philadelphia Eagles,Philadelphia 76ers,Philadelphia Flyers,NA,75,3,75,80,40,public school,75,Yes,No,1.75,100,No,60,40,Yes,60,90,75,Black,13,7,10,6,2,2,100,50,0,Eternal Sunshine of the Spotless Mind,25,20,3.98,1550,90,50,Yes,30,Yes,Yes,Yes,80,pancakes,tea,cats,ocean,No!,7,75,5,2,Spiderman,NA,Fall,right-handed,"Yes, casually",90,100,2,ECE 206,Professor Sharad Malik,7,No,100
SML 201,Yes: AP Statistics,Sophomore,16,Neuroscience,Mathey,New College West,NA,Female,NA,February,19,60,6,105,NA,15,1 AM,6,Instagram,iPhone,Philadelphia Phillies,Philadelphia Eagles,Philadelphia 76ers,Philadelphia Flyers,NA,NA,2,70,70,NA,public school,80,NA,No,NA,80,Yes: sports club,NA,NA,No,50,65,68,NA,16,12,14,NA,3,NA,100,25,1,NA,NA,85,NA,NA,NA,NA,Yes,NA,Yes,No,Yes,98,waffles,coffee,cats,ocean,tolerable,1,NA,NA,3,NA,NA,Fall,right-handed,No,NA,NA,4,NEU201,NA,10,No,75
SML 201,No,Junior,20,Geosciences,Rockefeller,Rockefeller,3,Male,15,November,21,58,8,125,2200,5,2 AM,5,Instagram,Android,"Chicago Cubs,Chicago White Sox",Chicago Bears,Chicago Bulls,Chicago Blackhawks,50,40,0,60,50,90,public school,20,Yes,Yes,2.5,30,No,20,50,Yes,60,40,60,Maroon,9,9,8,2,3,5,100,70,2,9 (2009) ,80,60,NA,1500,10,15,Yes,0,Yes,No,No,90,pancakes,coffee,cats,snow,Yes!,5,30,10,3,Spiderman,Thanos,Fall,right-handed,"Yes, casually",100,70,4,AST206 - Black Holes,Dr. Eliot Quataert,12,Yes,100
SML 201,No,Sophomore,14,History,Yeh College,Yeh,3.69,Male,32,July,20,65,9.5,135,1200,6,12 midnight,7,"Instagram,LinkedIn",iPhone,New York Mets,Green Bay Packers,Milwaukee Bucks,Carolina Hurricanes,30,80,0,75,50,75,private school,40,No,No,2.5,50,Yes: sports club,75,60,No,75,75,75,Pink,4,5,13,6,3,6,0,20,2,Spiderman: Homecoming,60,60,3.7,1580,50,100,Yes,50,Yes,No,Yes,98,waffles,tea,dogs,ocean,No!,5,60,0.5,5,Spiderman,The Green Goblin,Fall,right-handed,Yes. heavily practiced,90,70,4,MPP 251,Harriet Flower,10,No,80
SML 201,No,Sophomore,10,Molecular Biology,New College West,New College West,3.45,Female,NA,June,19,67,7.5,143,NA,NA,1 AM,6,Instagram,iPhone,NA,Buffalo Bills,New York Knicks,New York Rangers,15,5,0,50,NA,80,public school,NA,Yes,Yes,2,NA,No,20,10,No,NA,NA,NA,purple,NA,7,14,NA,NA,NA,NA,NA,1,now you see me ,NA,NA,NA,NA,NA,NA,Yes,NA,NA,No,NA,NA,pancakes,(neither),cats,ocean,Yes!,NA,NA,NA,3,NA,NA,Fall,right-handed,No,NA,NA,NA,NA,NA,NA,No,NA
SML 201,Yes: AP Statistics,Junior,23,Molecular Biology,Forbes,Forbes,3.3,Female,20,September,20,68,8,160,2000,6,1 AM,6,Instagram,iPhone,Seattle Mariners,Seattle Seahawks,NA,NA,0,2,3,67,67,50,public school,2,Yes,Yes,1.7,60,Yes: sports club,50,50,Yes,67,67,35,Pink,NA,7,14,NA,2,3,100,50,1,The Princess Bride,50,67,4,1490,65,40,Yes,25,Yes,Yes,Yes,95,pancakes,tea,dogs,ocean,Yes!,2,70,2,2,NA,NA,Summer,right-handed,No,80,80,3,BNG 325,Anahita Mostafavi ,2,No,99
SML 201,Yes: AP Statistics,Sophomore,12,History,Whitman,Yeh,3.2,Female,30,September,19,65,8,125,1500,5,11 PM,9,"Instagram,Twitter (X)",iPhone,Detroit Tigers,Detroit Lions,Detroit Pistons,Detroit Red Wings,0,5,2,50,40,70,religious institution,30,Yes,No,1.6,30,No,90,60,No,40,70,55,purple,7,7,14,7,2,3,80,0,2,I don't have one.,60,20,4,NA,10,15,Yes,60,Yes,Yes,Yes,60,pancakes,tea,cats,ocean,Yes!,3,50,2,2,I don't have one.,I don't have one.,Summer,right-handed,No,95,80,4,CHM201,Villalobos,8,No,100
